InstanceId,InstanceType,State,LaunchTime,Tags
i-8538449738,t2.micro,{'Name': 'stopped'},2023-11-22T19:54:53.073709,"[{'Key': 'Name', 'Value': 'Instance_0'}]"
i-2355243633,m5.large,{'Name': 'running'},2023-11-22T19:54:53.073723,"[{'Key': 'Name', 'Value': 'Instance_1'}]"
i-3511861590,m5.large,{'Name': 'stopped'},2023-11-22T19:54:53.073739,"[{'Key': 'Name', 'Value': 'Instance_2'}]"
i-1546233581,t3.large,{'Name': 'running'},2023-11-22T19:54:53.073744,"[{'Key': 'Name', 'Value': 'Instance_3'}]"
i-1692851137,m5.large,{'Name': 'stopped'},2023-11-22T19:54:53.073749,"[{'Key': 'Name', 'Value': 'Instance_4'}]"
i-5975219030,m5.2xlarge,{'Name': 'running'},2023-11-22T19:54:53.073753,"[{'Key': 'Name', 'Value': 'Instance_5'}]"
i-9945881997,m5.2xlarge,{'Name': 'stopped'},2023-11-22T19:54:53.073760,"[{'Key': 'Name', 'Value': 'Instance_6'}]"
i-8255263914,t3.small,{'Name': 'running'},2023-11-22T19:54:53.073766,"[{'Key': 'Name', 'Value': 'Instance_7'}]"
i-8875081863,t3.small,{'Name': 'running'},2023-11-22T19:54:53.073770,"[{'Key': 'Name', 'Value': 'Instance_8'}]"
i-2716813743,m5.large,{'Name': 'running'},2023-11-22T19:54:53.073774,"[{'Key': 'Name', 'Value': 'Instance_9'}]"
i-4904042354,t3.medium,{'Name': 'running'},2023-11-22T19:54:53.073778,"[{'Key': 'Name', 'Value': 'Instance_10'}]"
i-8996619372,m5.2xlarge,{'Name': 'stopped'},2023-11-22T19:54:53.073782,"[{'Key': 'Name', 'Value': 'Instance_11'}]"
i-1606707044,t3.small,{'Name': 'running'},2023-11-22T19:54:53.073785,"[{'Key': 'Name', 'Value': 'Instance_12'}]"
i-9681202604,t3.small,{'Name': 'stopped'},2023-11-22T19:54:53.073800,"[{'Key': 'Name', 'Value': 'Instance_13'}]"
i-1444848160,m5.large,{'Name': 'running'},2023-11-22T19:54:53.073803,"[{'Key': 'Name', 'Value': 'Instance_14'}]"
i-7956737423,m5.xlarge,{'Name': 'stopped'},2023-11-22T19:54:53.073809,"[{'Key': 'Name', 'Value': 'Instance_15'}]"
i-3835708282,t2.micro,{'Name': 'stopped'},2023-11-22T19:54:53.073825,"[{'Key': 'Name', 'Value': 'Instance_16'}]"
i-8929413336,m5.2xlarge,{'Name': 'running'},2023-11-22T19:54:53.073829,"[{'Key': 'Name', 'Value': 'Instance_17'}]"
i-4844439736,t2.micro,{'Name': 'running'},2023-11-22T19:54:53.073844,"[{'Key': 'Name', 'Value': 'Instance_18'}]"
i-8025457422,m5.xlarge,{'Name': 'running'},2023-11-22T19:54:53.073847,"[{'Key': 'Name', 'Value': 'Instance_19'}]"
i-8830617007,t3.small,{'Name': 'running'},2023-11-22T19:54:53.073851,"[{'Key': 'Name', 'Value': 'Instance_20'}]"
i-3067348594,m5.xlarge,{'Name': 'running'},2023-11-22T19:54:53.073855,"[{'Key': 'Name', 'Value': 'Instance_21'}]"
i-6221508029,t3.large,{'Name': 'stopped'},2023-11-22T19:54:53.073878,"[{'Key': 'Name', 'Value': 'Instance_22'}]"
i-4158535312,m5.large,{'Name': 'running'},2023-11-22T19:54:53.073883,"[{'Key': 'Name', 'Value': 'Instance_23'}]"
i-1070969605,m5.xlarge,{'Name': 'stopped'},2023-11-22T19:54:53.073887,"[{'Key': 'Name', 'Value': 'Instance_24'}]"
i-6086091923,m5.xlarge,{'Name': 'running'},2023-11-22T19:54:53.073890,"[{'Key': 'Name', 'Value': 'Instance_25'}]"
i-5977662898,m5.large,{'Name': 'running'},2023-11-22T19:54:53.073894,"[{'Key': 'Name', 'Value': 'Instance_26'}]"
i-8824763041,t3.medium,{'Name': 'running'},2023-11-22T19:54:53.073910,"[{'Key': 'Name', 'Value': 'Instance_27'}]"
i-5144672355,m5.large,{'Name': 'stopped'},2023-11-22T19:54:53.073914,"[{'Key': 'Name', 'Value': 'Instance_28'}]"
i-5797042878,t3.large,{'Name': 'running'},2023-11-22T19:54:53.073918,"[{'Key': 'Name', 'Value': 'Instance_29'}]"
i-1713474192,m5.2xlarge,{'Name': 'stopped'},2023-11-22T19:54:53.073924,"[{'Key': 'Name', 'Value': 'Instance_30'}]"
i-5195614940,m5.large,{'Name': 'stopped'},2023-11-22T19:54:53.073937,"[{'Key': 'Name', 'Value': 'Instance_31'}]"
i-6602228675,t2.micro,{'Name': 'stopped'},2023-11-22T19:54:53.073941,"[{'Key': 'Name', 'Value': 'Instance_32'}]"
i-1862561826,m5.2xlarge,{'Name': 'running'},2023-11-22T19:54:53.073945,"[{'Key': 'Name', 'Value': 'Instance_33'}]"
i-7042336494,m5.xlarge,{'Name': 'stopped'},2023-11-22T19:54:53.073949,"[{'Key': 'Name', 'Value': 'Instance_34'}]"
i-5410830113,t2.micro,{'Name': 'running'},2023-11-22T19:54:53.073953,"[{'Key': 'Name', 'Value': 'Instance_35'}]"
i-9395579416,m5.2xlarge,{'Name': 'running'},2023-11-22T19:54:53.073956,"[{'Key': 'Name', 'Value': 'Instance_36'}]"
i-5569876337,t3.small,{'Name': 'stopped'},2023-11-22T19:54:53.073961,"[{'Key': 'Name', 'Value': 'Instance_37'}]"
i-5655801896,t3.medium,{'Name': 'running'},2023-11-22T19:54:53.073967,"[{'Key': 'Name', 'Value': 'Instance_38'}]"
i-2967472828,m5.xlarge,{'Name': 'stopped'},2023-11-22T19:54:53.073971,"[{'Key': 'Name', 'Value': 'Instance_39'}]"
i-7893796790,t3.large,{'Name': 'running'},2023-11-22T19:54:53.073975,"[{'Key': 'Name', 'Value': 'Instance_40'}]"
i-3257570891,t3.medium,{'Name': 'running'},2023-11-22T19:54:53.073981,"[{'Key': 'Name', 'Value': 'Instance_41'}]"
i-1764222671,t2.micro,{'Name': 'running'},2023-11-22T19:54:53.073985,"[{'Key': 'Name', 'Value': 'Instance_42'}]"
i-5306280815,m5.2xlarge,{'Name': 'running'},2023-11-22T19:54:53.073989,"[{'Key': 'Name', 'Value': 'Instance_43'}]"
i-4830536505,t3.medium,{'Name': 'stopped'},2023-11-22T19:54:53.073993,"[{'Key': 'Name', 'Value': 'Instance_44'}]"
i-6646356742,t3.small,{'Name': 'running'},2023-11-22T19:54:53.073998,"[{'Key': 'Name', 'Value': 'Instance_45'}]"
i-4725963140,t2.micro,{'Name': 'running'},2023-11-22T19:54:53.074002,"[{'Key': 'Name', 'Value': 'Instance_46'}]"
i-1899238260,m5.xlarge,{'Name': 'running'},2023-11-22T19:54:53.074006,"[{'Key': 'Name', 'Value': 'Instance_47'}]"
i-9432721472,t3.small,{'Name': 'stopped'},2023-11-22T19:54:53.074019,"[{'Key': 'Name', 'Value': 'Instance_48'}]"
i-9696690639,t3.small,{'Name': 'stopped'},2023-11-22T19:54:53.074023,"[{'Key': 'Name', 'Value': 'Instance_49'}]"
i-1654359075,t3.large,{'Name': 'running'},2023-11-22T19:54:53.074027,"[{'Key': 'Name', 'Value': 'Instance_50'}]"
i-6031957193,m5.2xlarge,{'Name': 'stopped'},2023-11-22T19:54:53.074031,"[{'Key': 'Name', 'Value': 'Instance_51'}]"
i-7887662598,t3.medium,{'Name': 'running'},2023-11-22T19:54:53.074035,"[{'Key': 'Name', 'Value': 'Instance_52'}]"
i-5421048727,m5.xlarge,{'Name': 'stopped'},2023-11-22T19:54:53.074040,"[{'Key': 'Name', 'Value': 'Instance_53'}]"
i-9450516953,m5.large,{'Name': 'running'},2023-11-22T19:54:53.074044,"[{'Key': 'Name', 'Value': 'Instance_54'}]"
i-5304838616,t3.medium,{'Name': 'running'},2023-11-22T19:54:53.074047,"[{'Key': 'Name', 'Value': 'Instance_55'}]"
i-1607005580,m5.large,{'Name': 'stopped'},2023-11-22T19:54:53.074051,"[{'Key': 'Name', 'Value': 'Instance_56'}]"
i-1900867392,m5.large,{'Name': 'running'},2023-11-22T19:54:53.074055,"[{'Key': 'Name', 'Value': 'Instance_57'}]"
i-7665522373,m5.xlarge,{'Name': 'running'},2023-11-22T19:54:53.074058,"[{'Key': 'Name', 'Value': 'Instance_58'}]"
i-2096478672,m5.2xlarge,{'Name': 'stopped'},2023-11-22T19:54:53.074064,"[{'Key': 'Name', 'Value': 'Instance_59'}]"
i-1305339559,t2.micro,{'Name': 'running'},2023-11-22T19:54:53.074068,"[{'Key': 'Name', 'Value': 'Instance_60'}]"
i-7535434610,m5.2xlarge,{'Name': 'running'},2023-11-22T19:54:53.074073,"[{'Key': 'Name', 'Value': 'Instance_61'}]"
i-1505583007,t3.large,{'Name': 'running'},2023-11-22T19:54:53.074077,"[{'Key': 'Name', 'Value': 'Instance_62'}]"
i-5613628720,t3.medium,{'Name': 'stopped'},2023-11-22T19:54:53.074081,"[{'Key': 'Name', 'Value': 'Instance_63'}]"
i-4979708115,t3.small,{'Name': 'stopped'},2023-11-22T19:54:53.074085,"[{'Key': 'Name', 'Value': 'Instance_64'}]"
i-6400073777,t3.medium,{'Name': 'running'},2023-11-22T19:54:53.074089,"[{'Key': 'Name', 'Value': 'Instance_65'}]"
i-6733308626,m5.2xlarge,{'Name': 'stopped'},2023-11-22T19:54:53.074092,"[{'Key': 'Name', 'Value': 'Instance_66'}]"
i-8299530127,t3.medium,{'Name': 'stopped'},2023-11-22T19:54:53.074096,"[{'Key': 'Name', 'Value': 'Instance_67'}]"
i-4682960281,t2.micro,{'Name': 'stopped'},2023-11-22T19:54:53.074101,"[{'Key': 'Name', 'Value': 'Instance_68'}]"
i-4499387101,m5.2xlarge,{'Name': 'running'},2023-11-22T19:54:53.074105,"[{'Key': 'Name', 'Value': 'Instance_69'}]"
i-3490443564,t3.large,{'Name': 'stopped'},2023-11-22T19:54:53.074110,"[{'Key': 'Name', 'Value': 'Instance_70'}]"
i-4213503589,t3.large,{'Name': 'running'},2023-11-22T19:54:53.074114,"[{'Key': 'Name', 'Value': 'Instance_71'}]"
i-2995348670,t3.large,{'Name': 'running'},2023-11-22T19:54:53.074118,"[{'Key': 'Name', 'Value': 'Instance_72'}]"
i-5551151963,t2.micro,{'Name': 'stopped'},2023-11-22T19:54:53.074122,"[{'Key': 'Name', 'Value': 'Instance_73'}]"
i-3724989182,t2.micro,{'Name': 'running'},2023-11-22T19:54:53.074128,"[{'Key': 'Name', 'Value': 'Instance_74'}]"
i-3346245564,t3.medium,{'Name': 'stopped'},2023-11-22T19:54:53.074132,"[{'Key': 'Name', 'Value': 'Instance_75'}]"
i-5927194210,m5.2xlarge,{'Name': 'stopped'},2023-11-22T19:54:53.074138,"[{'Key': 'Name', 'Value': 'Instance_76'}]"
i-7351997042,t2.micro,{'Name': 'stopped'},2023-11-22T19:54:53.074142,"[{'Key': 'Name', 'Value': 'Instance_77'}]"
i-3824296109,m5.large,{'Name': 'stopped'},2023-11-22T19:54:53.074146,"[{'Key': 'Name', 'Value': 'Instance_78'}]"
i-1482653030,t3.large,{'Name': 'stopped'},2023-11-22T19:54:53.074149,"[{'Key': 'Name', 'Value': 'Instance_79'}]"
i-6460650732,m5.large,{'Name': 'stopped'},2023-11-22T19:54:53.074155,"[{'Key': 'Name', 'Value': 'Instance_80'}]"
i-1656809098,t3.large,{'Name': 'running'},2023-11-22T19:54:53.074159,"[{'Key': 'Name', 'Value': 'Instance_81'}]"
i-5762960054,t3.medium,{'Name': 'stopped'},2023-11-22T19:54:53.074222,"[{'Key': 'Name', 'Value': 'Instance_82'}]"
i-1858804685,m5.large,{'Name': 'stopped'},2023-11-22T19:54:53.074227,"[{'Key': 'Name', 'Value': 'Instance_83'}]"
i-1443777826,t2.micro,{'Name': 'stopped'},2023-11-22T19:54:53.074233,"[{'Key': 'Name', 'Value': 'Instance_84'}]"
i-4433759798,m5.xlarge,{'Name': 'stopped'},2023-11-22T19:54:53.074238,"[{'Key': 'Name', 'Value': 'Instance_85'}]"
i-3117330697,t3.medium,{'Name': 'running'},2023-11-22T19:54:53.074242,"[{'Key': 'Name', 'Value': 'Instance_86'}]"
i-1499840273,t3.small,{'Name': 'running'},2023-11-22T19:54:53.074246,"[{'Key': 'Name', 'Value': 'Instance_87'}]"
i-9726847076,m5.2xlarge,{'Name': 'stopped'},2023-11-22T19:54:53.074249,"[{'Key': 'Name', 'Value': 'Instance_88'}]"
i-1045681194,t3.medium,{'Name': 'running'},2023-11-22T19:54:53.074253,"[{'Key': 'Name', 'Value': 'Instance_89'}]"
i-6136093693,t3.medium,{'Name': 'stopped'},2023-11-22T19:54:53.074257,"[{'Key': 'Name', 'Value': 'Instance_90'}]"
i-7779645549,t2.micro,{'Name': 'running'},2023-11-22T19:54:53.074265,"[{'Key': 'Name', 'Value': 'Instance_91'}]"
i-5819844416,m5.xlarge,{'Name': 'running'},2023-11-22T19:54:53.074269,"[{'Key': 'Name', 'Value': 'Instance_92'}]"
i-4591163912,t3.medium,{'Name': 'running'},2023-11-22T19:54:53.074273,"[{'Key': 'Name', 'Value': 'Instance_93'}]"
i-3828278103,m5.xlarge,{'Name': 'stopped'},2023-11-22T19:54:53.074277,"[{'Key': 'Name', 'Value': 'Instance_94'}]"
i-8116813522,m5.large,{'Name': 'stopped'},2023-11-22T19:54:53.074281,"[{'Key': 'Name', 'Value': 'Instance_95'}]"
i-1000760134,t3.small,{'Name': 'running'},2023-11-22T19:54:53.074284,"[{'Key': 'Name', 'Value': 'Instance_96'}]"
i-7634771348,t3.large,{'Name': 'stopped'},2023-11-22T19:54:53.074288,"[{'Key': 'Name', 'Value': 'Instance_97'}]"
i-5163588730,t3.small,{'Name': 'stopped'},2023-11-22T19:54:53.074292,"[{'Key': 'Name', 'Value': 'Instance_98'}]"
i-2840278844,t3.small,{'Name': 'running'},2023-11-22T19:54:53.074297,"[{'Key': 'Name', 'Value': 'Instance_99'}]"
i-3651407070,t2.micro,{'Name': 'running'},2023-11-22T19:54:53.074301,"[{'Key': 'Name', 'Value': 'Instance_100'}]"
i-9174231864,m5.2xlarge,{'Name': 'running'},2023-11-22T19:54:53.074307,"[{'Key': 'Name', 'Value': 'Instance_101'}]"
i-1735303940,m5.xlarge,{'Name': 'stopped'},2023-11-22T19:54:53.074311,"[{'Key': 'Name', 'Value': 'Instance_102'}]"
i-6870287896,t3.medium,{'Name': 'running'},2023-11-22T19:54:53.074315,"[{'Key': 'Name', 'Value': 'Instance_103'}]"
i-1656503498,t3.small,{'Name': 'stopped'},2023-11-22T19:54:53.074319,"[{'Key': 'Name', 'Value': 'Instance_104'}]"
i-1222343260,t3.large,{'Name': 'stopped'},2023-11-22T19:54:53.074322,"[{'Key': 'Name', 'Value': 'Instance_105'}]"
i-7177299613,t2.micro,{'Name': 'stopped'},2023-11-22T19:54:53.074326,"[{'Key': 'Name', 'Value': 'Instance_106'}]"
i-4232501290,m5.large,{'Name': 'running'},2023-11-22T19:54:53.074341,"[{'Key': 'Name', 'Value': 'Instance_107'}]"
i-9177938032,t3.large,{'Name': 'stopped'},2023-11-22T19:54:53.074345,"[{'Key': 'Name', 'Value': 'Instance_108'}]"
i-6287792457,t2.micro,{'Name': 'stopped'},2023-11-22T19:54:53.074350,"[{'Key': 'Name', 'Value': 'Instance_109'}]"
i-2314563513,t3.medium,{'Name': 'stopped'},2023-11-22T19:54:53.074354,"[{'Key': 'Name', 'Value': 'Instance_110'}]"
i-2770645286,t3.small,{'Name': 'stopped'},2023-11-22T19:54:53.074358,"[{'Key': 'Name', 'Value': 'Instance_111'}]"
i-1342920803,m5.2xlarge,{'Name': 'stopped'},2023-11-22T19:54:53.074363,"[{'Key': 'Name', 'Value': 'Instance_112'}]"
i-4091241859,t3.small,{'Name': 'running'},2023-11-22T19:54:53.074367,"[{'Key': 'Name', 'Value': 'Instance_113'}]"
i-6840066196,t3.medium,{'Name': 'stopped'},2023-11-22T19:54:53.074373,"[{'Key': 'Name', 'Value': 'Instance_114'}]"
i-1119066564,m5.large,{'Name': 'running'},2023-11-22T19:54:53.074377,"[{'Key': 'Name', 'Value': 'Instance_115'}]"
i-1385229852,t3.medium,{'Name': 'running'},2023-11-22T19:54:53.074380,"[{'Key': 'Name', 'Value': 'Instance_116'}]"
i-1076798785,t3.large,{'Name': 'stopped'},2023-11-22T19:54:53.074384,"[{'Key': 'Name', 'Value': 'Instance_117'}]"
i-6761192444,m5.2xlarge,{'Name': 'running'},2023-11-22T19:54:53.074388,"[{'Key': 'Name', 'Value': 'Instance_118'}]"
i-2220807583,t3.medium,{'Name': 'running'},2023-11-22T19:54:53.074392,"[{'Key': 'Name', 'Value': 'Instance_119'}]"
i-6364685064,m5.2xlarge,{'Name': 'stopped'},2023-11-22T19:54:53.074396,"[{'Key': 'Name', 'Value': 'Instance_120'}]"
i-4107628142,t3.large,{'Name': 'running'},2023-11-22T19:54:53.074399,"[{'Key': 'Name', 'Value': 'Instance_121'}]"
i-6243771138,m5.2xlarge,{'Name': 'running'},2023-11-22T19:54:53.074405,"[{'Key': 'Name', 'Value': 'Instance_122'}]"
i-6806605944,t3.medium,{'Name': 'stopped'},2023-11-22T19:54:53.074410,"[{'Key': 'Name', 'Value': 'Instance_123'}]"
i-8563363828,m5.xlarge,{'Name': 'running'},2023-11-22T19:54:53.074417,"[{'Key': 'Name', 'Value': 'Instance_124'}]"
i-2918569641,m5.xlarge,{'Name': 'running'},2023-11-22T19:54:53.074421,"[{'Key': 'Name', 'Value': 'Instance_125'}]"
i-1025677336,m5.xlarge,{'Name': 'stopped'},2023-11-22T19:54:53.074425,"[{'Key': 'Name', 'Value': 'Instance_126'}]"
i-3936743555,m5.xlarge,{'Name': 'stopped'},2023-11-22T19:54:53.074430,"[{'Key': 'Name', 'Value': 'Instance_127'}]"
i-4068604010,m5.xlarge,{'Name': 'stopped'},2023-11-22T19:54:53.074434,"[{'Key': 'Name', 'Value': 'Instance_128'}]"
i-6473257399,m5.xlarge,{'Name': 'stopped'},2023-11-22T19:54:53.074440,"[{'Key': 'Name', 'Value': 'Instance_129'}]"
i-9715200638,t3.medium,{'Name': 'running'},2023-11-22T19:54:53.074484,"[{'Key': 'Name', 'Value': 'Instance_130'}]"
i-3895429298,m5.2xlarge,{'Name': 'running'},2023-11-22T19:54:53.074503,"[{'Key': 'Name', 'Value': 'Instance_131'}]"
i-9057611871,m5.large,{'Name': 'stopped'},2023-11-22T19:54:53.074509,"[{'Key': 'Name', 'Value': 'Instance_132'}]"
i-3010672987,t3.small,{'Name': 'stopped'},2023-11-22T19:54:53.074519,"[{'Key': 'Name', 'Value': 'Instance_133'}]"
i-2557803621,t3.large,{'Name': 'stopped'},2023-11-22T19:54:53.074524,"[{'Key': 'Name', 'Value': 'Instance_134'}]"
i-2306858991,m5.xlarge,{'Name': 'stopped'},2023-11-22T19:54:53.074528,"[{'Key': 'Name', 'Value': 'Instance_135'}]"
i-2426324763,m5.large,{'Name': 'running'},2023-11-22T19:54:53.074532,"[{'Key': 'Name', 'Value': 'Instance_136'}]"
i-4546544127,t2.micro,{'Name': 'running'},2023-11-22T19:54:53.074538,"[{'Key': 'Name', 'Value': 'Instance_137'}]"
i-7234956099,t3.medium,{'Name': 'running'},2023-11-22T19:54:53.074542,"[{'Key': 'Name', 'Value': 'Instance_138'}]"
i-9608759607,m5.large,{'Name': 'running'},2023-11-22T19:54:53.074546,"[{'Key': 'Name', 'Value': 'Instance_139'}]"
i-6058271149,t3.medium,{'Name': 'stopped'},2023-11-22T19:54:53.074550,"[{'Key': 'Name', 'Value': 'Instance_140'}]"
i-6735391249,m5.large,{'Name': 'stopped'},2023-11-22T19:54:53.074554,"[{'Key': 'Name', 'Value': 'Instance_141'}]"
i-8488602139,m5.large,{'Name': 'running'},2023-11-22T19:54:53.074558,"[{'Key': 'Name', 'Value': 'Instance_142'}]"
i-9203355053,m5.xlarge,{'Name': 'running'},2023-11-22T19:54:53.074561,"[{'Key': 'Name', 'Value': 'Instance_143'}]"
i-1774529059,m5.xlarge,{'Name': 'running'},2023-11-22T19:54:53.074568,"[{'Key': 'Name', 'Value': 'Instance_144'}]"
i-1987338690,m5.large,{'Name': 'running'},2023-11-22T19:54:53.074574,"[{'Key': 'Name', 'Value': 'Instance_145'}]"
i-2277642167,t3.small,{'Name': 'stopped'},2023-11-22T19:54:53.074578,"[{'Key': 'Name', 'Value': 'Instance_146'}]"
i-7644324012,m5.2xlarge,{'Name': 'running'},2023-11-22T19:54:53.074582,"[{'Key': 'Name', 'Value': 'Instance_147'}]"
i-1567694347,t3.medium,{'Name': 'stopped'},2023-11-22T19:54:53.074586,"[{'Key': 'Name', 'Value': 'Instance_148'}]"
i-9564789000,t2.micro,{'Name': 'running'},2023-11-22T19:54:53.074591,"[{'Key': 'Name', 'Value': 'Instance_149'}]"
i-9070701365,t3.medium,{'Name': 'stopped'},2023-11-22T19:54:53.074595,"[{'Key': 'Name', 'Value': 'Instance_150'}]"
i-9428495218,t2.micro,{'Name': 'stopped'},2023-11-22T19:54:53.074599,"[{'Key': 'Name', 'Value': 'Instance_151'}]"
i-3413646573,m5.2xlarge,{'Name': 'running'},2023-11-22T19:54:53.074603,"[{'Key': 'Name', 'Value': 'Instance_152'}]"
i-4970605902,t3.medium,{'Name': 'stopped'},2023-11-22T19:54:53.074610,"[{'Key': 'Name', 'Value': 'Instance_153'}]"
i-8952303118,t3.large,{'Name': 'running'},2023-11-22T19:54:53.074614,"[{'Key': 'Name', 'Value': 'Instance_154'}]"
i-2614472944,t3.small,{'Name': 'running'},2023-11-22T19:54:53.074620,"[{'Key': 'Name', 'Value': 'Instance_155'}]"
i-5339973039,m5.2xlarge,{'Name': 'running'},2023-11-22T19:54:53.074625,"[{'Key': 'Name', 'Value': 'Instance_156'}]"
i-4813237423,m5.2xlarge,{'Name': 'running'},2023-11-22T19:54:53.074629,"[{'Key': 'Name', 'Value': 'Instance_157'}]"
i-9129328804,t2.micro,{'Name': 'running'},2023-11-22T19:54:53.074632,"[{'Key': 'Name', 'Value': 'Instance_158'}]"
i-2001263461,m5.2xlarge,{'Name': 'stopped'},2023-11-22T19:54:53.074636,"[{'Key': 'Name', 'Value': 'Instance_159'}]"
i-6521301310,m5.xlarge,{'Name': 'stopped'},2023-11-22T19:54:53.074642,"[{'Key': 'Name', 'Value': 'Instance_160'}]"
i-6348086298,m5.large,{'Name': 'running'},2023-11-22T19:54:53.074646,"[{'Key': 'Name', 'Value': 'Instance_161'}]"
i-2387743844,m5.2xlarge,{'Name': 'stopped'},2023-11-22T19:54:53.074650,"[{'Key': 'Name', 'Value': 'Instance_162'}]"
i-5390966522,t3.medium,{'Name': 'stopped'},2023-11-22T19:54:53.074654,"[{'Key': 'Name', 'Value': 'Instance_163'}]"
i-9758483968,t2.micro,{'Name': 'running'},2023-11-22T19:54:53.074658,"[{'Key': 'Name', 'Value': 'Instance_164'}]"
i-6541919100,t3.medium,{'Name': 'stopped'},2023-11-22T19:54:53.074664,"[{'Key': 'Name', 'Value': 'Instance_165'}]"
i-4366814420,m5.large,{'Name': 'stopped'},2023-11-22T19:54:53.074668,"[{'Key': 'Name', 'Value': 'Instance_166'}]"
i-5615678181,t3.medium,{'Name': 'stopped'},2023-11-22T19:54:53.074682,"[{'Key': 'Name', 'Value': 'Instance_167'}]"
i-3206914049,m5.large,{'Name': 'stopped'},2023-11-22T19:54:53.074688,"[{'Key': 'Name', 'Value': 'Instance_168'}]"
i-3707489715,t3.small,{'Name': 'stopped'},2023-11-22T19:54:53.074692,"[{'Key': 'Name', 'Value': 'Instance_169'}]"
i-4691405434,t3.large,{'Name': 'stopped'},2023-11-22T19:54:53.074695,"[{'Key': 'Name', 'Value': 'Instance_170'}]"
i-9962700597,t3.large,{'Name': 'running'},2023-11-22T19:54:53.074699,"[{'Key': 'Name', 'Value': 'Instance_171'}]"
i-9437776462,m5.large,{'Name': 'running'},2023-11-22T19:54:53.074703,"[{'Key': 'Name', 'Value': 'Instance_172'}]"
i-4400385392,m5.xlarge,{'Name': 'stopped'},2023-11-22T19:54:53.074707,"[{'Key': 'Name', 'Value': 'Instance_173'}]"
i-9353577341,m5.2xlarge,{'Name': 'running'},2023-11-22T19:54:53.074710,"[{'Key': 'Name', 'Value': 'Instance_174'}]"
i-1920002613,t3.small,{'Name': 'running'},2023-11-22T19:54:53.074726,"[{'Key': 'Name', 'Value': 'Instance_175'}]"
i-9448993133,t3.small,{'Name': 'stopped'},2023-11-22T19:54:53.074734,"[{'Key': 'Name', 'Value': 'Instance_176'}]"
i-2153276597,t3.small,{'Name': 'running'},2023-11-22T19:54:53.074738,"[{'Key': 'Name', 'Value': 'Instance_177'}]"
i-6929633562,m5.xlarge,{'Name': 'running'},2023-11-22T19:54:53.074741,"[{'Key': 'Name', 'Value': 'Instance_178'}]"
i-4415939935,m5.xlarge,{'Name': 'running'},2023-11-22T19:54:53.074745,"[{'Key': 'Name', 'Value': 'Instance_179'}]"
i-5310800164,m5.xlarge,{'Name': 'running'},2023-11-22T19:54:53.074750,"[{'Key': 'Name', 'Value': 'Instance_180'}]"
i-9253822151,m5.xlarge,{'Name': 'stopped'},2023-11-22T19:54:53.074753,"[{'Key': 'Name', 'Value': 'Instance_181'}]"
i-5511685158,t2.micro,{'Name': 'running'},2023-11-22T19:54:53.074757,"[{'Key': 'Name', 'Value': 'Instance_182'}]"
i-3658958569,m5.2xlarge,{'Name': 'stopped'},2023-11-22T19:54:53.074762,"[{'Key': 'Name', 'Value': 'Instance_183'}]"
i-4888510636,m5.2xlarge,{'Name': 'running'},2023-11-22T19:54:53.074767,"[{'Key': 'Name', 'Value': 'Instance_184'}]"
i-7675247665,t3.medium,{'Name': 'stopped'},2023-11-22T19:54:53.074770,"[{'Key': 'Name', 'Value': 'Instance_185'}]"
i-2980909130,m5.2xlarge,{'Name': 'running'},2023-11-22T19:54:53.074776,"[{'Key': 'Name', 'Value': 'Instance_186'}]"
i-7746780899,t2.micro,{'Name': 'stopped'},2023-11-22T19:54:53.074779,"[{'Key': 'Name', 'Value': 'Instance_187'}]"
i-7613423490,t2.micro,{'Name': 'running'},2023-11-22T19:54:53.074783,"[{'Key': 'Name', 'Value': 'Instance_188'}]"
i-5808558995,m5.2xlarge,{'Name': 'running'},2023-11-22T19:54:53.074787,"[{'Key': 'Name', 'Value': 'Instance_189'}]"
i-7453861943,t2.micro,{'Name': 'running'},2023-11-22T19:54:53.074790,"[{'Key': 'Name', 'Value': 'Instance_190'}]"
i-1482484729,m5.2xlarge,{'Name': 'running'},2023-11-22T19:54:53.074796,"[{'Key': 'Name', 'Value': 'Instance_191'}]"
i-7736604309,t3.small,{'Name': 'running'},2023-11-22T19:54:53.074800,"[{'Key': 'Name', 'Value': 'Instance_192'}]"
i-1308736582,m5.large,{'Name': 'running'},2023-11-22T19:54:53.074803,"[{'Key': 'Name', 'Value': 'Instance_193'}]"
i-5479294619,t3.large,{'Name': 'running'},2023-11-22T19:54:53.074807,"[{'Key': 'Name', 'Value': 'Instance_194'}]"
i-1010263678,t3.medium,{'Name': 'stopped'},2023-11-22T19:54:53.074811,"[{'Key': 'Name', 'Value': 'Instance_195'}]"
i-6074984295,m5.2xlarge,{'Name': 'running'},2023-11-22T19:54:53.074814,"[{'Key': 'Name', 'Value': 'Instance_196'}]"
i-8766795435,t3.medium,{'Name': 'stopped'},2023-11-22T19:54:53.074820,"[{'Key': 'Name', 'Value': 'Instance_197'}]"
i-6498567939,t3.small,{'Name': 'running'},2023-11-22T19:54:53.074824,"[{'Key': 'Name', 'Value': 'Instance_198'}]"
i-7544218989,t3.large,{'Name': 'stopped'},2023-11-22T19:54:53.074829,"[{'Key': 'Name', 'Value': 'Instance_199'}]"
i-6816845177,t3.medium,{'Name': 'stopped'},2023-11-22T19:54:53.074833,"[{'Key': 'Name', 'Value': 'Instance_200'}]"
i-5994985906,m5.2xlarge,{'Name': 'running'},2023-11-22T19:54:53.074837,"[{'Key': 'Name', 'Value': 'Instance_201'}]"
i-4606806220,t3.small,{'Name': 'stopped'},2023-11-22T19:54:53.074841,"[{'Key': 'Name', 'Value': 'Instance_202'}]"
i-2285838501,t3.small,{'Name': 'running'},2023-11-22T19:54:53.074844,"[{'Key': 'Name', 'Value': 'Instance_203'}]"
i-5690565229,m5.large,{'Name': 'stopped'},2023-11-22T19:54:53.074848,"[{'Key': 'Name', 'Value': 'Instance_204'}]"
i-1399868117,t2.micro,{'Name': 'running'},2023-11-22T19:54:53.074852,"[{'Key': 'Name', 'Value': 'Instance_205'}]"
i-2236717308,m5.xlarge,{'Name': 'running'},2023-11-22T19:54:53.074857,"[{'Key': 'Name', 'Value': 'Instance_206'}]"
i-5748907579,m5.2xlarge,{'Name': 'stopped'},2023-11-22T19:54:53.074861,"[{'Key': 'Name', 'Value': 'Instance_207'}]"
i-7932509680,m5.2xlarge,{'Name': 'stopped'},2023-11-22T19:54:53.074867,"[{'Key': 'Name', 'Value': 'Instance_208'}]"
i-9926627218,m5.2xlarge,{'Name': 'running'},2023-11-22T19:54:53.074870,"[{'Key': 'Name', 'Value': 'Instance_209'}]"
i-2153590612,t3.large,{'Name': 'stopped'},2023-11-22T19:54:53.074874,"[{'Key': 'Name', 'Value': 'Instance_210'}]"
i-2680449227,t3.large,{'Name': 'stopped'},2023-11-22T19:54:53.074878,"[{'Key': 'Name', 'Value': 'Instance_211'}]"
i-8193340321,m5.large,{'Name': 'running'},2023-11-22T19:54:53.074882,"[{'Key': 'Name', 'Value': 'Instance_212'}]"
i-9590836514,t3.medium,{'Name': 'running'},2023-11-22T19:54:53.074885,"[{'Key': 'Name', 'Value': 'Instance_213'}]"
i-2978057223,m5.2xlarge,{'Name': 'running'},2023-11-22T19:54:53.074891,"[{'Key': 'Name', 'Value': 'Instance_214'}]"
i-2724667211,t2.micro,{'Name': 'running'},2023-11-22T19:54:53.074895,"[{'Key': 'Name', 'Value': 'Instance_215'}]"
i-2341560857,m5.large,{'Name': 'running'},2023-11-22T19:54:53.074899,"[{'Key': 'Name', 'Value': 'Instance_216'}]"
i-4183673000,t3.small,{'Name': 'running'},2023-11-22T19:54:53.074902,"[{'Key': 'Name', 'Value': 'Instance_217'}]"
i-8544653127,t3.medium,{'Name': 'running'},2023-11-22T19:54:53.074908,"[{'Key': 'Name', 'Value': 'Instance_218'}]"
i-4765028329,t3.medium,{'Name': 'running'},2023-11-22T19:54:53.074912,"[{'Key': 'Name', 'Value': 'Instance_219'}]"
i-5018109405,t3.medium,{'Name': 'running'},2023-11-22T19:54:53.074915,"[{'Key': 'Name', 'Value': 'Instance_220'}]"
i-7023594783,t3.medium,{'Name': 'stopped'},2023-11-22T19:54:53.074920,"[{'Key': 'Name', 'Value': 'Instance_221'}]"
i-7411782427,m5.2xlarge,{'Name': 'running'},2023-11-22T19:54:53.074924,"[{'Key': 'Name', 'Value': 'Instance_222'}]"
i-9269667584,m5.xlarge,{'Name': 'running'},2023-11-22T19:54:53.074928,"[{'Key': 'Name', 'Value': 'Instance_223'}]"
i-1597614206,t3.medium,{'Name': 'stopped'},2023-11-22T19:54:53.074932,"[{'Key': 'Name', 'Value': 'Instance_224'}]"
i-5658656480,t3.medium,{'Name': 'stopped'},2023-11-22T19:54:53.074935,"[{'Key': 'Name', 'Value': 'Instance_225'}]"
i-7330183988,t3.large,{'Name': 'stopped'},2023-11-22T19:54:53.074940,"[{'Key': 'Name', 'Value': 'Instance_226'}]"
i-4341097278,m5.2xlarge,{'Name': 'running'},2023-11-22T19:54:53.074945,"[{'Key': 'Name', 'Value': 'Instance_227'}]"
i-8168345102,m5.xlarge,{'Name': 'running'},2023-11-22T19:54:53.074949,"[{'Key': 'Name', 'Value': 'Instance_228'}]"
i-7719097134,m5.xlarge,{'Name': 'running'},2023-11-22T19:54:53.074956,"[{'Key': 'Name', 'Value': 'Instance_229'}]"
i-7097810867,m5.2xlarge,{'Name': 'stopped'},2023-11-22T19:54:53.074960,"[{'Key': 'Name', 'Value': 'Instance_230'}]"
i-8298557648,t3.small,{'Name': 'stopped'},2023-11-22T19:54:53.074963,"[{'Key': 'Name', 'Value': 'Instance_231'}]"
i-2809301881,t3.small,{'Name': 'stopped'},2023-11-22T19:54:53.074967,"[{'Key': 'Name', 'Value': 'Instance_232'}]"
i-3753730373,t3.small,{'Name': 'running'},2023-11-22T19:54:53.074971,"[{'Key': 'Name', 'Value': 'Instance_233'}]"
i-6639932394,m5.xlarge,{'Name': 'stopped'},2023-11-22T19:54:53.074975,"[{'Key': 'Name', 'Value': 'Instance_234'}]"
i-1766518557,m5.large,{'Name': 'stopped'},2023-11-22T19:54:53.074978,"[{'Key': 'Name', 'Value': 'Instance_235'}]"
i-1898600331,m5.2xlarge,{'Name': 'stopped'},2023-11-22T19:54:53.074982,"[{'Key': 'Name', 'Value': 'Instance_236'}]"
i-5341543916,t3.large,{'Name': 'running'},2023-11-22T19:54:53.074988,"[{'Key': 'Name', 'Value': 'Instance_237'}]"
i-8966802404,m5.large,{'Name': 'stopped'},2023-11-22T19:54:53.074991,"[{'Key': 'Name', 'Value': 'Instance_238'}]"
i-1724063136,t3.large,{'Name': 'stopped'},2023-11-22T19:54:53.074995,"[{'Key': 'Name', 'Value': 'Instance_239'}]"
i-2509998030,t3.medium,{'Name': 'stopped'},2023-11-22T19:54:53.075000,"[{'Key': 'Name', 'Value': 'Instance_240'}]"
i-1917326801,t3.large,{'Name': 'running'},2023-11-22T19:54:53.075003,"[{'Key': 'Name', 'Value': 'Instance_241'}]"
i-5584527684,m5.xlarge,{'Name': 'running'},2023-11-22T19:54:53.075007,"[{'Key': 'Name', 'Value': 'Instance_242'}]"
i-3478308093,t2.micro,{'Name': 'running'},2023-11-22T19:54:53.075011,"[{'Key': 'Name', 'Value': 'Instance_243'}]"
i-8674675443,t3.medium,{'Name': 'running'},2023-11-22T19:54:53.075015,"[{'Key': 'Name', 'Value': 'Instance_244'}]"
i-1100071513,m5.2xlarge,{'Name': 'running'},2023-11-22T19:54:53.075020,"[{'Key': 'Name', 'Value': 'Instance_245'}]"
i-6230204191,t3.small,{'Name': 'stopped'},2023-11-22T19:54:53.075025,"[{'Key': 'Name', 'Value': 'Instance_246'}]"
i-9693969563,t2.micro,{'Name': 'stopped'},2023-11-22T19:54:53.075028,"[{'Key': 'Name', 'Value': 'Instance_247'}]"
i-2328183353,t3.large,{'Name': 'stopped'},2023-11-22T19:54:53.075032,"[{'Key': 'Name', 'Value': 'Instance_248'}]"
i-6098054376,t3.medium,{'Name': 'running'},2023-11-22T19:54:53.075036,"[{'Key': 'Name', 'Value': 'Instance_249'}]"
i-2748987288,t3.large,{'Name': 'stopped'},2023-11-22T19:54:53.075041,"[{'Key': 'Name', 'Value': 'Instance_250'}]"
i-6776280409,t3.small,{'Name': 'running'},2023-11-22T19:54:53.075045,"[{'Key': 'Name', 'Value': 'Instance_251'}]"
i-9838685364,t2.micro,{'Name': 'stopped'},2023-11-22T19:54:53.075051,"[{'Key': 'Name', 'Value': 'Instance_252'}]"
i-2217334644,m5.xlarge,{'Name': 'running'},2023-11-22T19:54:53.075055,"[{'Key': 'Name', 'Value': 'Instance_253'}]"
i-4319071865,t2.micro,{'Name': 'stopped'},2023-11-22T19:54:53.075059,"[{'Key': 'Name', 'Value': 'Instance_254'}]"
i-5256716526,m5.xlarge,{'Name': 'stopped'},2023-11-22T19:54:53.075062,"[{'Key': 'Name', 'Value': 'Instance_255'}]"
i-7057379768,t2.micro,{'Name': 'stopped'},2023-11-22T19:54:53.075066,"[{'Key': 'Name', 'Value': 'Instance_256'}]"
i-9378253042,m5.2xlarge,{'Name': 'running'},2023-11-22T19:54:53.075086,"[{'Key': 'Name', 'Value': 'Instance_257'}]"
i-7778735968,m5.xlarge,{'Name': 'running'},2023-11-22T19:54:53.075090,"[{'Key': 'Name', 'Value': 'Instance_258'}]"
i-5748104197,t3.medium,{'Name': 'running'},2023-11-22T19:54:53.075093,"[{'Key': 'Name', 'Value': 'Instance_259'}]"
i-4478298171,t3.large,{'Name': 'stopped'},2023-11-22T19:54:53.075100,"[{'Key': 'Name', 'Value': 'Instance_260'}]"
i-9088891402,m5.xlarge,{'Name': 'running'},2023-11-22T19:54:53.075106,"[{'Key': 'Name', 'Value': 'Instance_261'}]"
i-4679114328,t3.medium,{'Name': 'running'},2023-11-22T19:54:53.075109,"[{'Key': 'Name', 'Value': 'Instance_262'}]"
i-4610847008,t2.micro,{'Name': 'stopped'},2023-11-22T19:54:53.075113,"[{'Key': 'Name', 'Value': 'Instance_263'}]"
i-3970115586,t3.large,{'Name': 'running'},2023-11-22T19:54:53.075117,"[{'Key': 'Name', 'Value': 'Instance_264'}]"
i-7854464229,t2.micro,{'Name': 'stopped'},2023-11-22T19:54:53.075121,"[{'Key': 'Name', 'Value': 'Instance_265'}]"
i-6361433917,t3.large,{'Name': 'stopped'},2023-11-22T19:54:53.075125,"[{'Key': 'Name', 'Value': 'Instance_266'}]"
i-4588085425,t2.micro,{'Name': 'running'},2023-11-22T19:54:53.075128,"[{'Key': 'Name', 'Value': 'Instance_267'}]"
i-6202597566,t3.medium,{'Name': 'stopped'},2023-11-22T19:54:53.075134,"[{'Key': 'Name', 'Value': 'Instance_268'}]"
i-3764473902,t3.large,{'Name': 'running'},2023-11-22T19:54:53.075138,"[{'Key': 'Name', 'Value': 'Instance_269'}]"
i-4210237534,t3.medium,{'Name': 'running'},2023-11-22T19:54:53.075141,"[{'Key': 'Name', 'Value': 'Instance_270'}]"
i-7268212495,t3.large,{'Name': 'stopped'},2023-11-22T19:54:53.075147,"[{'Key': 'Name', 'Value': 'Instance_271'}]"
i-7769853956,t3.large,{'Name': 'stopped'},2023-11-22T19:54:53.075151,"[{'Key': 'Name', 'Value': 'Instance_272'}]"
i-3538409383,m5.2xlarge,{'Name': 'stopped'},2023-11-22T19:54:53.075155,"[{'Key': 'Name', 'Value': 'Instance_273'}]"
i-7009851753,t3.large,{'Name': 'stopped'},2023-11-22T19:54:53.075158,"[{'Key': 'Name', 'Value': 'Instance_274'}]"
i-2660896846,t3.medium,{'Name': 'running'},2023-11-22T19:54:53.075163,"[{'Key': 'Name', 'Value': 'Instance_275'}]"
i-8046607850,t3.small,{'Name': 'running'},2023-11-22T19:54:53.075167,"[{'Key': 'Name', 'Value': 'Instance_276'}]"
i-6380451611,m5.large,{'Name': 'running'},2023-11-22T19:54:53.075171,"[{'Key': 'Name', 'Value': 'Instance_277'}]"
i-9286663238,t3.medium,{'Name': 'stopped'},2023-11-22T19:54:53.075177,"[{'Key': 'Name', 'Value': 'Instance_278'}]"
i-4823355906,t3.medium,{'Name': 'stopped'},2023-11-22T19:54:53.075180,"[{'Key': 'Name', 'Value': 'Instance_279'}]"
i-4013664439,m5.xlarge,{'Name': 'running'},2023-11-22T19:54:53.075184,"[{'Key': 'Name', 'Value': 'Instance_280'}]"
i-5834854399,t3.medium,{'Name': 'running'},2023-11-22T19:54:53.075188,"[{'Key': 'Name', 'Value': 'Instance_281'}]"
i-6855680545,t2.micro,{'Name': 'stopped'},2023-11-22T19:54:53.075193,"[{'Key': 'Name', 'Value': 'Instance_282'}]"
i-7397838487,t3.large,{'Name': 'stopped'},2023-11-22T19:54:53.075199,"[{'Key': 'Name', 'Value': 'Instance_283'}]"
i-4512249503,m5.xlarge,{'Name': 'running'},2023-11-22T19:54:53.075228,"[{'Key': 'Name', 'Value': 'Instance_284'}]"
i-3091946058,t3.small,{'Name': 'running'},2023-11-22T19:54:53.075232,"[{'Key': 'Name', 'Value': 'Instance_285'}]"
i-5943719661,t3.medium,{'Name': 'running'},2023-11-22T19:54:53.075235,"[{'Key': 'Name', 'Value': 'Instance_286'}]"
i-1733029219,m5.2xlarge,{'Name': 'stopped'},2023-11-22T19:54:53.075239,"[{'Key': 'Name', 'Value': 'Instance_287'}]"
i-6767429596,t3.medium,{'Name': 'running'},2023-11-22T19:54:53.075243,"[{'Key': 'Name', 'Value': 'Instance_288'}]"
i-2488502558,m5.xlarge,{'Name': 'stopped'},2023-11-22T19:54:53.075247,"[{'Key': 'Name', 'Value': 'Instance_289'}]"
i-1066715309,m5.xlarge,{'Name': 'stopped'},2023-11-22T19:54:53.075250,"[{'Key': 'Name', 'Value': 'Instance_290'}]"
i-3486872050,t3.small,{'Name': 'stopped'},2023-11-22T19:54:53.075256,"[{'Key': 'Name', 'Value': 'Instance_291'}]"
i-3860636473,t2.micro,{'Name': 'stopped'},2023-11-22T19:54:53.075273,"[{'Key': 'Name', 'Value': 'Instance_292'}]"
i-7234181774,m5.xlarge,{'Name': 'running'},2023-11-22T19:54:53.075279,"[{'Key': 'Name', 'Value': 'Instance_293'}]"
i-4229768860,m5.2xlarge,{'Name': 'stopped'},2023-11-22T19:54:53.075283,"[{'Key': 'Name', 'Value': 'Instance_294'}]"
i-3566477616,m5.2xlarge,{'Name': 'stopped'},2023-11-22T19:54:53.075286,"[{'Key': 'Name', 'Value': 'Instance_295'}]"
i-8478235411,m5.large,{'Name': 'running'},2023-11-22T19:54:53.075290,"[{'Key': 'Name', 'Value': 'Instance_296'}]"
i-2705363448,t3.medium,{'Name': 'running'},2023-11-22T19:54:53.075306,"[{'Key': 'Name', 'Value': 'Instance_297'}]"
i-5415490971,t3.large,{'Name': 'running'},2023-11-22T19:54:53.075311,"[{'Key': 'Name', 'Value': 'Instance_298'}]"
i-2173457165,t3.small,{'Name': 'running'},2023-11-22T19:54:53.075315,"[{'Key': 'Name', 'Value': 'Instance_299'}]"
i-7713615880,t3.large,{'Name': 'stopped'},2023-11-22T19:54:53.075319,"[{'Key': 'Name', 'Value': 'Instance_300'}]"
i-3797643246,m5.large,{'Name': 'stopped'},2023-11-22T19:54:53.075323,"[{'Key': 'Name', 'Value': 'Instance_301'}]"
i-8586365587,m5.large,{'Name': 'running'},2023-11-22T19:54:53.075337,"[{'Key': 'Name', 'Value': 'Instance_302'}]"
i-2746703500,m5.xlarge,{'Name': 'running'},2023-11-22T19:54:53.075343,"[{'Key': 'Name', 'Value': 'Instance_303'}]"
i-1715343809,m5.large,{'Name': 'running'},2023-11-22T19:54:53.075348,"[{'Key': 'Name', 'Value': 'Instance_304'}]"
i-6545922593,t2.micro,{'Name': 'stopped'},2023-11-22T19:54:53.075352,"[{'Key': 'Name', 'Value': 'Instance_305'}]"
i-3646591662,t3.medium,{'Name': 'stopped'},2023-11-22T19:54:53.075358,"[{'Key': 'Name', 'Value': 'Instance_306'}]"
i-8377124816,t3.medium,{'Name': 'running'},2023-11-22T19:54:53.075362,"[{'Key': 'Name', 'Value': 'Instance_307'}]"
i-8963150426,t2.micro,{'Name': 'running'},2023-11-22T19:54:53.075365,"[{'Key': 'Name', 'Value': 'Instance_308'}]"
i-7806321369,m5.xlarge,{'Name': 'running'},2023-11-22T19:54:53.075379,"[{'Key': 'Name', 'Value': 'Instance_309'}]"
i-7938058739,m5.xlarge,{'Name': 'running'},2023-11-22T19:54:53.075383,"[{'Key': 'Name', 'Value': 'Instance_310'}]"
i-3260868180,t3.medium,{'Name': 'running'},2023-11-22T19:54:53.075387,"[{'Key': 'Name', 'Value': 'Instance_311'}]"
i-8705625578,m5.xlarge,{'Name': 'stopped'},2023-11-22T19:54:53.075391,"[{'Key': 'Name', 'Value': 'Instance_312'}]"
i-9353511857,t2.micro,{'Name': 'running'},2023-11-22T19:54:53.075397,"[{'Key': 'Name', 'Value': 'Instance_313'}]"
i-1357537342,m5.large,{'Name': 'running'},2023-11-22T19:54:53.075403,"[{'Key': 'Name', 'Value': 'Instance_314'}]"
i-6902540049,t2.micro,{'Name': 'stopped'},2023-11-22T19:54:53.075407,"[{'Key': 'Name', 'Value': 'Instance_315'}]"
i-6859499948,t3.small,{'Name': 'stopped'},2023-11-22T19:54:53.075411,"[{'Key': 'Name', 'Value': 'Instance_316'}]"
i-7922884235,t3.large,{'Name': 'running'},2023-11-22T19:54:53.075414,"[{'Key': 'Name', 'Value': 'Instance_317'}]"
i-2679268338,t3.small,{'Name': 'running'},2023-11-22T19:54:53.075418,"[{'Key': 'Name', 'Value': 'Instance_318'}]"
i-2607991323,t3.small,{'Name': 'stopped'},2023-11-22T19:54:53.075421,"[{'Key': 'Name', 'Value': 'Instance_319'}]"
i-9838915578,t3.medium,{'Name': 'stopped'},2023-11-22T19:54:53.075426,"[{'Key': 'Name', 'Value': 'Instance_320'}]"
i-4128156527,m5.2xlarge,{'Name': 'running'},2023-11-22T19:54:53.075431,"[{'Key': 'Name', 'Value': 'Instance_321'}]"
i-5679755225,m5.xlarge,{'Name': 'stopped'},2023-11-22T19:54:53.075435,"[{'Key': 'Name', 'Value': 'Instance_322'}]"
i-1233149205,t3.medium,{'Name': 'running'},2023-11-22T19:54:53.075438,"[{'Key': 'Name', 'Value': 'Instance_323'}]"
i-1575592068,m5.2xlarge,{'Name': 'stopped'},2023-11-22T19:54:53.075442,"[{'Key': 'Name', 'Value': 'Instance_324'}]"
i-8564739520,m5.2xlarge,{'Name': 'stopped'},2023-11-22T19:54:53.075448,"[{'Key': 'Name', 'Value': 'Instance_325'}]"
i-5038289454,t3.large,{'Name': 'stopped'},2023-11-22T19:54:53.075452,"[{'Key': 'Name', 'Value': 'Instance_326'}]"
i-9165200095,t3.medium,{'Name': 'stopped'},2023-11-22T19:54:53.075455,"[{'Key': 'Name', 'Value': 'Instance_327'}]"
i-7198759214,t3.medium,{'Name': 'stopped'},2023-11-22T19:54:53.075461,"[{'Key': 'Name', 'Value': 'Instance_328'}]"
i-8867343597,t3.small,{'Name': 'running'},2023-11-22T19:54:53.075467,"[{'Key': 'Name', 'Value': 'Instance_329'}]"
i-6608722025,t3.small,{'Name': 'running'},2023-11-22T19:54:53.075471,"[{'Key': 'Name', 'Value': 'Instance_330'}]"
i-6680714620,m5.large,{'Name': 'running'},2023-11-22T19:54:53.075475,"[{'Key': 'Name', 'Value': 'Instance_331'}]"
i-5223843862,t2.micro,{'Name': 'running'},2023-11-22T19:54:53.075478,"[{'Key': 'Name', 'Value': 'Instance_332'}]"
i-6175275406,m5.2xlarge,{'Name': 'stopped'},2023-11-22T19:54:53.075482,"[{'Key': 'Name', 'Value': 'Instance_333'}]"
i-7430020834,m5.large,{'Name': 'stopped'},2023-11-22T19:54:53.075486,"[{'Key': 'Name', 'Value': 'Instance_334'}]"
i-8397857914,t2.micro,{'Name': 'stopped'},2023-11-22T19:54:53.075492,"[{'Key': 'Name', 'Value': 'Instance_335'}]"
i-7267280988,t3.large,{'Name': 'running'},2023-11-22T19:54:53.075496,"[{'Key': 'Name', 'Value': 'Instance_336'}]"
i-3784140968,m5.xlarge,{'Name': 'running'},2023-11-22T19:54:53.075501,"[{'Key': 'Name', 'Value': 'Instance_337'}]"
i-2879593900,t3.medium,{'Name': 'running'},2023-11-22T19:54:53.075505,"[{'Key': 'Name', 'Value': 'Instance_338'}]"
i-1644002844,t3.small,{'Name': 'stopped'},2023-11-22T19:54:53.075509,"[{'Key': 'Name', 'Value': 'Instance_339'}]"
i-1094911016,t2.micro,{'Name': 'running'},2023-11-22T19:54:53.075513,"[{'Key': 'Name', 'Value': 'Instance_340'}]"
i-2936946795,m5.xlarge,{'Name': 'running'},2023-11-22T19:54:53.075528,"[{'Key': 'Name', 'Value': 'Instance_341'}]"
i-3338543756,m5.2xlarge,{'Name': 'stopped'},2023-11-22T19:54:53.075532,"[{'Key': 'Name', 'Value': 'Instance_342'}]"
i-6802362726,m5.xlarge,{'Name': 'running'},2023-11-22T19:54:53.075535,"[{'Key': 'Name', 'Value': 'Instance_343'}]"
i-7938271328,t3.medium,{'Name': 'running'},2023-11-22T19:54:53.075541,"[{'Key': 'Name', 'Value': 'Instance_344'}]"
i-9306843247,m5.2xlarge,{'Name': 'stopped'},2023-11-22T19:54:53.075545,"[{'Key': 'Name', 'Value': 'Instance_345'}]"
i-3079337198,t2.micro,{'Name': 'running'},2023-11-22T19:54:53.075551,"[{'Key': 'Name', 'Value': 'Instance_346'}]"
i-6490052591,t3.medium,{'Name': 'stopped'},2023-11-22T19:54:53.075555,"[{'Key': 'Name', 'Value': 'Instance_347'}]"
i-1075034937,t3.large,{'Name': 'stopped'},2023-11-22T19:54:53.075559,"[{'Key': 'Name', 'Value': 'Instance_348'}]"
i-3658143872,m5.xlarge,{'Name': 'stopped'},2023-11-22T19:54:53.075563,"[{'Key': 'Name', 'Value': 'Instance_349'}]"
i-6882388667,t3.large,{'Name': 'stopped'},2023-11-22T19:54:53.075566,"[{'Key': 'Name', 'Value': 'Instance_350'}]"
i-7844882600,t2.micro,{'Name': 'stopped'},2023-11-22T19:54:53.075570,"[{'Key': 'Name', 'Value': 'Instance_351'}]"
i-5010902778,t3.small,{'Name': 'running'},2023-11-22T19:54:53.075576,"[{'Key': 'Name', 'Value': 'Instance_352'}]"
i-6694699508,m5.large,{'Name': 'stopped'},2023-11-22T19:54:53.075580,"[{'Key': 'Name', 'Value': 'Instance_353'}]"
i-6632835332,t3.small,{'Name': 'running'},2023-11-22T19:54:53.075584,"[{'Key': 'Name', 'Value': 'Instance_354'}]"
i-3725903851,t2.micro,{'Name': 'running'},2023-11-22T19:54:53.075588,"[{'Key': 'Name', 'Value': 'Instance_355'}]"
i-8152674422,t3.medium,{'Name': 'running'},2023-11-22T19:54:53.075633,"[{'Key': 'Name', 'Value': 'Instance_356'}]"
i-5585899240,m5.2xlarge,{'Name': 'running'},2023-11-22T19:54:53.075642,"[{'Key': 'Name', 'Value': 'Instance_357'}]"
i-7948956516,t3.small,{'Name': 'stopped'},2023-11-22T19:54:53.075647,"[{'Key': 'Name', 'Value': 'Instance_358'}]"
i-7100781329,t3.medium,{'Name': 'stopped'},2023-11-22T19:54:53.075651,"[{'Key': 'Name', 'Value': 'Instance_359'}]"
i-2339220097,t3.large,{'Name': 'stopped'},2023-11-22T19:54:53.075667,"[{'Key': 'Name', 'Value': 'Instance_360'}]"
i-1741841178,m5.xlarge,{'Name': 'running'},2023-11-22T19:54:53.075671,"[{'Key': 'Name', 'Value': 'Instance_361'}]"
i-8218655217,m5.large,{'Name': 'stopped'},2023-11-22T19:54:53.075675,"[{'Key': 'Name', 'Value': 'Instance_362'}]"
i-1803916958,t3.medium,{'Name': 'running'},2023-11-22T19:54:53.075679,"[{'Key': 'Name', 'Value': 'Instance_363'}]"
i-4052616508,t2.micro,{'Name': 'stopped'},2023-11-22T19:54:53.075683,"[{'Key': 'Name', 'Value': 'Instance_364'}]"
i-7819095052,t2.micro,{'Name': 'stopped'},2023-11-22T19:54:53.075687,"[{'Key': 'Name', 'Value': 'Instance_365'}]"
i-5678404980,t3.small,{'Name': 'running'},2023-11-22T19:54:53.075691,"[{'Key': 'Name', 'Value': 'Instance_366'}]"
i-9586006110,m5.large,{'Name': 'running'},2023-11-22T19:54:53.075698,"[{'Key': 'Name', 'Value': 'Instance_367'}]"
i-9255340231,t3.large,{'Name': 'running'},2023-11-22T19:54:53.075702,"[{'Key': 'Name', 'Value': 'Instance_368'}]"
i-7287116645,t3.medium,{'Name': 'running'},2023-11-22T19:54:53.075706,"[{'Key': 'Name', 'Value': 'Instance_369'}]"
i-1168473442,m5.xlarge,{'Name': 'stopped'},2023-11-22T19:54:53.075709,"[{'Key': 'Name', 'Value': 'Instance_370'}]"
i-9170165950,t3.medium,{'Name': 'running'},2023-11-22T19:54:53.075713,"[{'Key': 'Name', 'Value': 'Instance_371'}]"
i-9543032787,t3.small,{'Name': 'running'},2023-11-22T19:54:53.075717,"[{'Key': 'Name', 'Value': 'Instance_372'}]"
i-1538020876,t3.large,{'Name': 'running'},2023-11-22T19:54:53.075720,"[{'Key': 'Name', 'Value': 'Instance_373'}]"
i-3677986580,m5.2xlarge,{'Name': 'stopped'},2023-11-22T19:54:53.075724,"[{'Key': 'Name', 'Value': 'Instance_374'}]"
i-4082830126,m5.2xlarge,{'Name': 'stopped'},2023-11-22T19:54:53.075740,"[{'Key': 'Name', 'Value': 'Instance_375'}]"
i-1668580466,t2.micro,{'Name': 'running'},2023-11-22T19:54:53.075744,"[{'Key': 'Name', 'Value': 'Instance_376'}]"
i-6062590162,t3.medium,{'Name': 'stopped'},2023-11-22T19:54:53.075747,"[{'Key': 'Name', 'Value': 'Instance_377'}]"
i-9589001190,t3.large,{'Name': 'stopped'},2023-11-22T19:54:53.075753,"[{'Key': 'Name', 'Value': 'Instance_378'}]"
i-4997764994,m5.2xlarge,{'Name': 'running'},2023-11-22T19:54:53.075760,"[{'Key': 'Name', 'Value': 'Instance_379'}]"
i-5517263793,t3.medium,{'Name': 'running'},2023-11-22T19:54:53.075764,"[{'Key': 'Name', 'Value': 'Instance_380'}]"
i-2563836666,t3.medium,{'Name': 'running'},2023-11-22T19:54:53.075768,"[{'Key': 'Name', 'Value': 'Instance_381'}]"
i-9383776738,t2.micro,{'Name': 'running'},2023-11-22T19:54:53.075772,"[{'Key': 'Name', 'Value': 'Instance_382'}]"
i-6328415680,m5.xlarge,{'Name': 'stopped'},2023-11-22T19:54:53.075790,"[{'Key': 'Name', 'Value': 'Instance_383'}]"
i-9389089401,t3.medium,{'Name': 'running'},2023-11-22T19:54:53.075794,"[{'Key': 'Name', 'Value': 'Instance_384'}]"
i-1614812707,m5.xlarge,{'Name': 'running'},2023-11-22T19:54:53.075798,"[{'Key': 'Name', 'Value': 'Instance_385'}]"
i-1494898062,m5.large,{'Name': 'stopped'},2023-11-22T19:54:53.075802,"[{'Key': 'Name', 'Value': 'Instance_386'}]"
i-2120896425,m5.large,{'Name': 'stopped'},2023-11-22T19:54:53.075809,"[{'Key': 'Name', 'Value': 'Instance_387'}]"
i-7621962670,t2.micro,{'Name': 'running'},2023-11-22T19:54:53.075815,"[{'Key': 'Name', 'Value': 'Instance_388'}]"
i-3960345654,t3.large,{'Name': 'stopped'},2023-11-22T19:54:53.075819,"[{'Key': 'Name', 'Value': 'Instance_389'}]"
i-4088870820,m5.xlarge,{'Name': 'running'},2023-11-22T19:54:53.075825,"[{'Key': 'Name', 'Value': 'Instance_390'}]"
i-1186675778,t2.micro,{'Name': 'stopped'},2023-11-22T19:54:53.075829,"[{'Key': 'Name', 'Value': 'Instance_391'}]"
i-7108024982,m5.xlarge,{'Name': 'running'},2023-11-22T19:54:53.075833,"[{'Key': 'Name', 'Value': 'Instance_392'}]"
i-7056480554,t3.medium,{'Name': 'running'},2023-11-22T19:54:53.075837,"[{'Key': 'Name', 'Value': 'Instance_393'}]"
i-5211683746,t2.micro,{'Name': 'running'},2023-11-22T19:54:53.075841,"[{'Key': 'Name', 'Value': 'Instance_394'}]"
i-5295993522,t3.medium,{'Name': 'running'},2023-11-22T19:54:53.075845,"[{'Key': 'Name', 'Value': 'Instance_395'}]"
i-1919365549,m5.large,{'Name': 'stopped'},2023-11-22T19:54:53.075849,"[{'Key': 'Name', 'Value': 'Instance_396'}]"
i-4418313250,m5.large,{'Name': 'running'},2023-11-22T19:54:53.075861,"[{'Key': 'Name', 'Value': 'Instance_397'}]"
i-1140036417,m5.xlarge,{'Name': 'stopped'},2023-11-22T19:54:53.075868,"[{'Key': 'Name', 'Value': 'Instance_398'}]"
i-5476727773,m5.2xlarge,{'Name': 'stopped'},2023-11-22T19:54:53.075873,"[{'Key': 'Name', 'Value': 'Instance_399'}]"
i-1658126687,m5.xlarge,{'Name': 'running'},2023-11-22T19:54:53.075877,"[{'Key': 'Name', 'Value': 'Instance_400'}]"
i-7037896348,m5.large,{'Name': 'stopped'},2023-11-22T19:54:53.075882,"[{'Key': 'Name', 'Value': 'Instance_401'}]"
i-8749131138,t3.small,{'Name': 'stopped'},2023-11-22T19:54:53.075896,"[{'Key': 'Name', 'Value': 'Instance_402'}]"
i-9553138954,t3.small,{'Name': 'stopped'},2023-11-22T19:54:53.075900,"[{'Key': 'Name', 'Value': 'Instance_403'}]"
i-9895090128,t2.micro,{'Name': 'running'},2023-11-22T19:54:53.075904,"[{'Key': 'Name', 'Value': 'Instance_404'}]"
i-5746526591,m5.xlarge,{'Name': 'running'},2023-11-22T19:54:53.075910,"[{'Key': 'Name', 'Value': 'Instance_405'}]"
i-6482882805,t3.small,{'Name': 'stopped'},2023-11-22T19:54:53.075914,"[{'Key': 'Name', 'Value': 'Instance_406'}]"
i-3098715815,m5.2xlarge,{'Name': 'running'},2023-11-22T19:54:53.075927,"[{'Key': 'Name', 'Value': 'Instance_407'}]"
i-4308028869,m5.xlarge,{'Name': 'running'},2023-11-22T19:54:53.075931,"[{'Key': 'Name', 'Value': 'Instance_408'}]"
i-8629424818,t3.medium,{'Name': 'stopped'},2023-11-22T19:54:53.075935,"[{'Key': 'Name', 'Value': 'Instance_409'}]"
i-2204388235,t3.large,{'Name': 'running'},2023-11-22T19:54:53.075951,"[{'Key': 'Name', 'Value': 'Instance_410'}]"
i-2640968514,t3.small,{'Name': 'stopped'},2023-11-22T19:54:53.076006,"[{'Key': 'Name', 'Value': 'Instance_411'}]"
i-1321535441,m5.2xlarge,{'Name': 'running'},2023-11-22T19:54:53.076020,"[{'Key': 'Name', 'Value': 'Instance_412'}]"
i-2626288176,t2.micro,{'Name': 'running'},2023-11-22T19:54:53.076044,"[{'Key': 'Name', 'Value': 'Instance_413'}]"
i-1293941615,t3.small,{'Name': 'stopped'},2023-11-22T19:54:53.076089,"[{'Key': 'Name', 'Value': 'Instance_414'}]"
i-5218726144,m5.2xlarge,{'Name': 'stopped'},2023-11-22T19:54:53.076097,"[{'Key': 'Name', 'Value': 'Instance_415'}]"
i-1941728389,t3.small,{'Name': 'running'},2023-11-22T19:54:53.076101,"[{'Key': 'Name', 'Value': 'Instance_416'}]"
i-3637690563,m5.large,{'Name': 'stopped'},2023-11-22T19:54:53.076104,"[{'Key': 'Name', 'Value': 'Instance_417'}]"
i-9540744443,t2.micro,{'Name': 'running'},2023-11-22T19:54:53.076108,"[{'Key': 'Name', 'Value': 'Instance_418'}]"
i-5205033639,m5.xlarge,{'Name': 'running'},2023-11-22T19:54:53.076112,"[{'Key': 'Name', 'Value': 'Instance_419'}]"
i-2813656168,t3.small,{'Name': 'stopped'},2023-11-22T19:54:53.076119,"[{'Key': 'Name', 'Value': 'Instance_420'}]"
i-3114947107,m5.large,{'Name': 'running'},2023-11-22T19:54:53.076125,"[{'Key': 'Name', 'Value': 'Instance_421'}]"
i-1141845250,m5.2xlarge,{'Name': 'stopped'},2023-11-22T19:54:53.076138,"[{'Key': 'Name', 'Value': 'Instance_422'}]"
i-3638422800,m5.large,{'Name': 'stopped'},2023-11-22T19:54:53.076142,"[{'Key': 'Name', 'Value': 'Instance_423'}]"
i-4358531427,t3.large,{'Name': 'running'},2023-11-22T19:54:53.076146,"[{'Key': 'Name', 'Value': 'Instance_424'}]"
i-7265543453,m5.2xlarge,{'Name': 'running'},2023-11-22T19:54:53.076151,"[{'Key': 'Name', 'Value': 'Instance_425'}]"
i-8256636881,t2.micro,{'Name': 'stopped'},2023-11-22T19:54:53.076155,"[{'Key': 'Name', 'Value': 'Instance_426'}]"
i-6220812276,m5.large,{'Name': 'stopped'},2023-11-22T19:54:53.076159,"[{'Key': 'Name', 'Value': 'Instance_427'}]"
i-2774539890,t3.large,{'Name': 'running'},2023-11-22T19:54:53.076163,"[{'Key': 'Name', 'Value': 'Instance_428'}]"
i-8140177448,t3.small,{'Name': 'stopped'},2023-11-22T19:54:53.076169,"[{'Key': 'Name', 'Value': 'Instance_429'}]"
i-8074941174,t3.small,{'Name': 'running'},2023-11-22T19:54:53.076175,"[{'Key': 'Name', 'Value': 'Instance_430'}]"
i-9017375220,m5.large,{'Name': 'stopped'},2023-11-22T19:54:53.076182,"[{'Key': 'Name', 'Value': 'Instance_431'}]"
i-2015530594,t2.micro,{'Name': 'running'},2023-11-22T19:54:53.076206,"[{'Key': 'Name', 'Value': 'Instance_432'}]"
i-1732039695,m5.xlarge,{'Name': 'running'},2023-11-22T19:54:53.076211,"[{'Key': 'Name', 'Value': 'Instance_433'}]"
i-2940719785,t2.micro,{'Name': 'running'},2023-11-22T19:54:53.076215,"[{'Key': 'Name', 'Value': 'Instance_434'}]"
i-7586542806,m5.xlarge,{'Name': 'running'},2023-11-22T19:54:53.076220,"[{'Key': 'Name', 'Value': 'Instance_435'}]"
i-2775080665,t3.large,{'Name': 'stopped'},2023-11-22T19:54:53.076226,"[{'Key': 'Name', 'Value': 'Instance_436'}]"
i-8150165517,m5.2xlarge,{'Name': 'running'},2023-11-22T19:54:53.076230,"[{'Key': 'Name', 'Value': 'Instance_437'}]"
i-1431975774,m5.2xlarge,{'Name': 'running'},2023-11-22T19:54:53.076234,"[{'Key': 'Name', 'Value': 'Instance_438'}]"
i-2836909232,t3.large,{'Name': 'running'},2023-11-22T19:54:53.076239,"[{'Key': 'Name', 'Value': 'Instance_439'}]"
i-2238624881,t3.medium,{'Name': 'running'},2023-11-22T19:54:53.076243,"[{'Key': 'Name', 'Value': 'Instance_440'}]"
i-8629453474,m5.2xlarge,{'Name': 'stopped'},2023-11-22T19:54:53.076248,"[{'Key': 'Name', 'Value': 'Instance_441'}]"
i-3774399304,t3.small,{'Name': 'running'},2023-11-22T19:54:53.076253,"[{'Key': 'Name', 'Value': 'Instance_442'}]"
i-5585160754,m5.xlarge,{'Name': 'stopped'},2023-11-22T19:54:53.076257,"[{'Key': 'Name', 'Value': 'Instance_443'}]"
i-2494909723,t3.small,{'Name': 'running'},2023-11-22T19:54:53.076263,"[{'Key': 'Name', 'Value': 'Instance_444'}]"
i-3765849747,m5.large,{'Name': 'stopped'},2023-11-22T19:54:53.076267,"[{'Key': 'Name', 'Value': 'Instance_445'}]"
i-3127296078,t2.micro,{'Name': 'running'},2023-11-22T19:54:53.076271,"[{'Key': 'Name', 'Value': 'Instance_446'}]"
i-7408758041,m5.xlarge,{'Name': 'running'},2023-11-22T19:54:53.076276,"[{'Key': 'Name', 'Value': 'Instance_447'}]"
i-4861916483,m5.large,{'Name': 'stopped'},2023-11-22T19:54:53.076280,"[{'Key': 'Name', 'Value': 'Instance_448'}]"
i-1039168491,m5.large,{'Name': 'stopped'},2023-11-22T19:54:53.076285,"[{'Key': 'Name', 'Value': 'Instance_449'}]"
i-6282255098,t3.medium,{'Name': 'running'},2023-11-22T19:54:53.076289,"[{'Key': 'Name', 'Value': 'Instance_450'}]"
i-4709568346,m5.2xlarge,{'Name': 'stopped'},2023-11-22T19:54:53.076293,"[{'Key': 'Name', 'Value': 'Instance_451'}]"
i-8700254732,t3.large,{'Name': 'stopped'},2023-11-22T19:54:53.076301,"[{'Key': 'Name', 'Value': 'Instance_452'}]"
i-3644906085,t3.small,{'Name': 'stopped'},2023-11-22T19:54:53.076306,"[{'Key': 'Name', 'Value': 'Instance_453'}]"
i-6675998585,t3.small,{'Name': 'stopped'},2023-11-22T19:54:53.076310,"[{'Key': 'Name', 'Value': 'Instance_454'}]"
i-2125246004,m5.2xlarge,{'Name': 'running'},2023-11-22T19:54:53.076314,"[{'Key': 'Name', 'Value': 'Instance_455'}]"
i-3632650954,t3.small,{'Name': 'stopped'},2023-11-22T19:54:53.076318,"[{'Key': 'Name', 'Value': 'Instance_456'}]"
i-2717025323,m5.xlarge,{'Name': 'running'},2023-11-22T19:54:53.076323,"[{'Key': 'Name', 'Value': 'Instance_457'}]"
i-7788139448,t3.medium,{'Name': 'running'},2023-11-22T19:54:53.076327,"[{'Key': 'Name', 'Value': 'Instance_458'}]"
i-3775303602,t2.micro,{'Name': 'stopped'},2023-11-22T19:54:53.076334,"[{'Key': 'Name', 'Value': 'Instance_459'}]"
i-9358759699,t2.micro,{'Name': 'running'},2023-11-22T19:54:53.076338,"[{'Key': 'Name', 'Value': 'Instance_460'}]"
i-1211889741,m5.2xlarge,{'Name': 'running'},2023-11-22T19:54:53.076342,"[{'Key': 'Name', 'Value': 'Instance_461'}]"
i-6383713041,m5.xlarge,{'Name': 'stopped'},2023-11-22T19:54:53.076346,"[{'Key': 'Name', 'Value': 'Instance_462'}]"
i-8678749622,m5.2xlarge,{'Name': 'stopped'},2023-11-22T19:54:53.076353,"[{'Key': 'Name', 'Value': 'Instance_463'}]"
i-5771763634,m5.2xlarge,{'Name': 'running'},2023-11-22T19:54:53.076357,"[{'Key': 'Name', 'Value': 'Instance_464'}]"
i-8263445654,m5.2xlarge,{'Name': 'stopped'},2023-11-22T19:54:53.076361,"[{'Key': 'Name', 'Value': 'Instance_465'}]"
i-8427649729,t3.large,{'Name': 'running'},2023-11-22T19:54:53.076365,"[{'Key': 'Name', 'Value': 'Instance_466'}]"
i-7307843799,t3.large,{'Name': 'running'},2023-11-22T19:54:53.076371,"[{'Key': 'Name', 'Value': 'Instance_467'}]"
i-8695569306,t3.large,{'Name': 'running'},2023-11-22T19:54:53.076375,"[{'Key': 'Name', 'Value': 'Instance_468'}]"
i-5440060967,m5.large,{'Name': 'running'},2023-11-22T19:54:53.076379,"[{'Key': 'Name', 'Value': 'Instance_469'}]"
i-4199686304,t3.small,{'Name': 'running'},2023-11-22T19:54:53.076383,"[{'Key': 'Name', 'Value': 'Instance_470'}]"
i-1678338286,t3.medium,{'Name': 'running'},2023-11-22T19:54:53.076388,"[{'Key': 'Name', 'Value': 'Instance_471'}]"
i-6137452559,m5.large,{'Name': 'running'},2023-11-22T19:54:53.076392,"[{'Key': 'Name', 'Value': 'Instance_472'}]"
i-2239267431,m5.large,{'Name': 'running'},2023-11-22T19:54:53.076398,"[{'Key': 'Name', 'Value': 'Instance_473'}]"
i-5895999771,t3.large,{'Name': 'stopped'},2023-11-22T19:54:53.076402,"[{'Key': 'Name', 'Value': 'Instance_474'}]"
i-9774175604,m5.xlarge,{'Name': 'running'},2023-11-22T19:54:53.076408,"[{'Key': 'Name', 'Value': 'Instance_475'}]"
i-9350977579,t3.medium,{'Name': 'running'},2023-11-22T19:54:53.076412,"[{'Key': 'Name', 'Value': 'Instance_476'}]"
i-1790340311,m5.2xlarge,{'Name': 'stopped'},2023-11-22T19:54:53.076416,"[{'Key': 'Name', 'Value': 'Instance_477'}]"
i-1812689533,t3.large,{'Name': 'stopped'},2023-11-22T19:54:53.076420,"[{'Key': 'Name', 'Value': 'Instance_478'}]"
i-9712214830,m5.2xlarge,{'Name': 'running'},2023-11-22T19:54:53.076425,"[{'Key': 'Name', 'Value': 'Instance_479'}]"
i-3133057447,t2.micro,{'Name': 'stopped'},2023-11-22T19:54:53.076428,"[{'Key': 'Name', 'Value': 'Instance_480'}]"
i-9504367478,m5.2xlarge,{'Name': 'stopped'},2023-11-22T19:54:53.076433,"[{'Key': 'Name', 'Value': 'Instance_481'}]"
i-8659462619,m5.xlarge,{'Name': 'stopped'},2023-11-22T19:54:53.076441,"[{'Key': 'Name', 'Value': 'Instance_482'}]"
i-6911879887,m5.xlarge,{'Name': 'stopped'},2023-11-22T19:54:53.076446,"[{'Key': 'Name', 'Value': 'Instance_483'}]"
i-9898945812,m5.xlarge,{'Name': 'stopped'},2023-11-22T19:54:53.076452,"[{'Key': 'Name', 'Value': 'Instance_484'}]"
i-9163582097,m5.large,{'Name': 'running'},2023-11-22T19:54:53.076456,"[{'Key': 'Name', 'Value': 'Instance_485'}]"
i-8893344788,m5.large,{'Name': 'running'},2023-11-22T19:54:53.076461,"[{'Key': 'Name', 'Value': 'Instance_486'}]"
i-4194718579,m5.xlarge,{'Name': 'running'},2023-11-22T19:54:53.076465,"[{'Key': 'Name', 'Value': 'Instance_487'}]"
i-7381846638,t2.micro,{'Name': 'running'},2023-11-22T19:54:53.076469,"[{'Key': 'Name', 'Value': 'Instance_488'}]"
i-2906395849,t2.micro,{'Name': 'running'},2023-11-22T19:54:53.076473,"[{'Key': 'Name', 'Value': 'Instance_489'}]"
i-9911395557,t3.medium,{'Name': 'stopped'},2023-11-22T19:54:53.076479,"[{'Key': 'Name', 'Value': 'Instance_490'}]"
i-5309774416,m5.large,{'Name': 'running'},2023-11-22T19:54:53.076483,"[{'Key': 'Name', 'Value': 'Instance_491'}]"
i-9940253218,m5.large,{'Name': 'running'},2023-11-22T19:54:53.076488,"[{'Key': 'Name', 'Value': 'Instance_492'}]"
i-7441043407,t3.large,{'Name': 'running'},2023-11-22T19:54:53.076492,"[{'Key': 'Name', 'Value': 'Instance_493'}]"
i-6812363877,t2.micro,{'Name': 'running'},2023-11-22T19:54:53.076496,"[{'Key': 'Name', 'Value': 'Instance_494'}]"
i-9849489379,m5.large,{'Name': 'running'},2023-11-22T19:54:53.076572,"[{'Key': 'Name', 'Value': 'Instance_495'}]"
i-1813333091,m5.large,{'Name': 'stopped'},2023-11-22T19:54:53.076578,"[{'Key': 'Name', 'Value': 'Instance_496'}]"
i-3940778622,t3.large,{'Name': 'stopped'},2023-11-22T19:54:53.076585,"[{'Key': 'Name', 'Value': 'Instance_497'}]"
i-4669947207,t3.medium,{'Name': 'running'},2023-11-22T19:54:53.076590,"[{'Key': 'Name', 'Value': 'Instance_498'}]"
i-2869035056,t3.small,{'Name': 'stopped'},2023-11-22T19:54:53.076594,"[{'Key': 'Name', 'Value': 'Instance_499'}]"
