DBInstanceIdentifier,DBInstanceStatus,Engine,EngineVersion,DBInstanceClass,AllocatedStorage
mydbinstance0,available,mysql,5.7.22,db.m5.2xlarge,10
mydbinstance1,stopped,postgres,5.7.22,db.t3.medium,76
mydbinstance2,available,sqlserver,5.7.22,db.t3.small,56
mydbinstance3,stopped,sqlserver,5.7.22,db.m5.large,31
mydbinstance4,stopped,mysql,5.7.22,db.m5.2xlarge,37
mydbinstance5,available,postgres,5.7.22,db.t3.small,67
mydbinstance6,available,mysql,5.7.22,db.t3.large,100
mydbinstance7,stopped,oracle,5.7.22,db.m5.2xlarge,97
mydbinstance8,stopped,mysql,5.7.22,db.m5.large,88
mydbinstance9,available,sqlserver,5.7.22,db.m5.2xlarge,17
mydbinstance10,stopped,oracle,5.7.22,db.t3.large,96
mydbinstance11,stopped,mysql,5.7.22,db.m5.large,88
mydbinstance12,stopped,sqlserver,5.7.22,db.t3.medium,42
mydbinstance13,stopped,mysql,5.7.22,db.t3.medium,98
mydbinstance14,available,sqlserver,5.7.22,db.m5.large,21
mydbinstance15,available,oracle,5.7.22,db.m5.2xlarge,35
mydbinstance16,stopped,sqlserver,5.7.22,db.t2.micro,96
mydbinstance17,stopped,mysql,5.7.22,db.t3.small,57
mydbinstance18,stopped,sqlserver,5.7.22,db.t3.small,18
mydbinstance19,stopped,postgres,5.7.22,db.t3.large,25
mydbinstance20,available,sqlserver,5.7.22,db.t2.micro,49
mydbinstance21,available,oracle,5.7.22,db.t2.micro,72
mydbinstance22,available,sqlserver,5.7.22,db.t3.large,18
mydbinstance23,stopped,oracle,5.7.22,db.t3.small,63
mydbinstance24,stopped,sqlserver,5.7.22,db.m5.large,86
mydbinstance25,available,postgres,5.7.22,db.m5.xlarge,46
mydbinstance26,available,sqlserver,5.7.22,db.m5.xlarge,32
mydbinstance27,available,postgres,5.7.22,db.m5.2xlarge,63
mydbinstance28,available,postgres,5.7.22,db.t3.medium,25
mydbinstance29,stopped,mysql,5.7.22,db.m5.2xlarge,10
mydbinstance30,stopped,mysql,5.7.22,db.t2.micro,100
mydbinstance31,stopped,postgres,5.7.22,db.m5.large,90
mydbinstance32,stopped,sqlserver,5.7.22,db.m5.xlarge,29
mydbinstance33,stopped,mysql,5.7.22,db.m5.xlarge,96
mydbinstance34,available,postgres,5.7.22,db.t3.small,30
mydbinstance35,available,mysql,5.7.22,db.t2.micro,32
mydbinstance36,stopped,mysql,5.7.22,db.t3.small,17
mydbinstance37,available,postgres,5.7.22,db.t3.large,23
mydbinstance38,available,postgres,5.7.22,db.t3.medium,10
mydbinstance39,stopped,sqlserver,5.7.22,db.t2.micro,74
mydbinstance40,stopped,postgres,5.7.22,db.t3.medium,43
mydbinstance41,available,mysql,5.7.22,db.m5.xlarge,33
mydbinstance42,available,mysql,5.7.22,db.t3.medium,76
mydbinstance43,available,mysql,5.7.22,db.t3.medium,48
mydbinstance44,stopped,oracle,5.7.22,db.m5.2xlarge,84
mydbinstance45,available,postgres,5.7.22,db.m5.large,44
mydbinstance46,stopped,oracle,5.7.22,db.m5.2xlarge,95
mydbinstance47,available,oracle,5.7.22,db.m5.xlarge,87
mydbinstance48,stopped,postgres,5.7.22,db.t3.small,32
mydbinstance49,available,postgres,5.7.22,db.m5.xlarge,86
mydbinstance50,stopped,oracle,5.7.22,db.t3.medium,38
mydbinstance51,stopped,sqlserver,5.7.22,db.m5.xlarge,26
mydbinstance52,available,sqlserver,5.7.22,db.t2.micro,58
mydbinstance53,available,oracle,5.7.22,db.m5.large,13
mydbinstance54,available,sqlserver,5.7.22,db.m5.xlarge,72
mydbinstance55,available,sqlserver,5.7.22,db.t3.medium,79
mydbinstance56,stopped,postgres,5.7.22,db.t3.medium,35
mydbinstance57,stopped,sqlserver,5.7.22,db.m5.2xlarge,46
mydbinstance58,stopped,sqlserver,5.7.22,db.m5.xlarge,28
mydbinstance59,available,oracle,5.7.22,db.m5.2xlarge,80
mydbinstance60,available,oracle,5.7.22,db.t3.medium,29
mydbinstance61,stopped,postgres,5.7.22,db.t3.small,85
mydbinstance62,available,mysql,5.7.22,db.t2.micro,11
mydbinstance63,stopped,oracle,5.7.22,db.m5.2xlarge,88
mydbinstance64,available,sqlserver,5.7.22,db.m5.xlarge,78
mydbinstance65,stopped,postgres,5.7.22,db.t3.large,32
mydbinstance66,stopped,mysql,5.7.22,db.m5.large,76
mydbinstance67,available,oracle,5.7.22,db.m5.large,70
mydbinstance68,stopped,oracle,5.7.22,db.m5.2xlarge,28
mydbinstance69,available,oracle,5.7.22,db.m5.xlarge,47
mydbinstance70,available,oracle,5.7.22,db.t3.small,19
mydbinstance71,available,mysql,5.7.22,db.t2.micro,18
mydbinstance72,available,postgres,5.7.22,db.t3.large,21
mydbinstance73,stopped,mysql,5.7.22,db.m5.2xlarge,25
mydbinstance74,stopped,mysql,5.7.22,db.m5.2xlarge,73
mydbinstance75,available,oracle,5.7.22,db.t3.large,21
mydbinstance76,available,oracle,5.7.22,db.t3.small,18
mydbinstance77,stopped,oracle,5.7.22,db.m5.2xlarge,14
mydbinstance78,stopped,postgres,5.7.22,db.m5.large,100
mydbinstance79,available,oracle,5.7.22,db.t3.small,45
mydbinstance80,available,postgres,5.7.22,db.m5.xlarge,73
mydbinstance81,stopped,postgres,5.7.22,db.m5.2xlarge,79
mydbinstance82,stopped,mysql,5.7.22,db.t3.medium,28
mydbinstance83,stopped,mysql,5.7.22,db.t2.micro,16
mydbinstance84,available,mysql,5.7.22,db.t3.large,12
mydbinstance85,stopped,mysql,5.7.22,db.m5.2xlarge,83
mydbinstance86,available,sqlserver,5.7.22,db.m5.2xlarge,19
mydbinstance87,stopped,oracle,5.7.22,db.m5.large,91
mydbinstance88,stopped,oracle,5.7.22,db.m5.large,35
mydbinstance89,stopped,postgres,5.7.22,db.m5.large,54
mydbinstance90,available,postgres,5.7.22,db.t3.medium,95
mydbinstance91,available,postgres,5.7.22,db.t3.small,96
mydbinstance92,available,oracle,5.7.22,db.t3.small,71
mydbinstance93,stopped,postgres,5.7.22,db.m5.large,87
mydbinstance94,stopped,sqlserver,5.7.22,db.m5.2xlarge,77
mydbinstance95,stopped,oracle,5.7.22,db.t2.micro,11
mydbinstance96,stopped,postgres,5.7.22,db.m5.large,73
mydbinstance97,available,postgres,5.7.22,db.t2.micro,47
mydbinstance98,available,sqlserver,5.7.22,db.t2.micro,82
mydbinstance99,available,sqlserver,5.7.22,db.m5.large,49
mydbinstance100,available,sqlserver,5.7.22,db.t3.small,18
mydbinstance101,stopped,oracle,5.7.22,db.m5.large,98
mydbinstance102,stopped,sqlserver,5.7.22,db.m5.2xlarge,74
mydbinstance103,available,oracle,5.7.22,db.t3.small,52
mydbinstance104,available,sqlserver,5.7.22,db.t3.medium,71
mydbinstance105,available,sqlserver,5.7.22,db.t3.large,29
mydbinstance106,available,oracle,5.7.22,db.m5.2xlarge,41
mydbinstance107,stopped,oracle,5.7.22,db.t3.small,67
mydbinstance108,available,mysql,5.7.22,db.t3.medium,76
mydbinstance109,available,oracle,5.7.22,db.t3.large,19
mydbinstance110,available,postgres,5.7.22,db.t2.micro,42
mydbinstance111,available,postgres,5.7.22,db.t3.medium,39
mydbinstance112,available,oracle,5.7.22,db.m5.xlarge,34
mydbinstance113,stopped,mysql,5.7.22,db.m5.large,70
mydbinstance114,stopped,oracle,5.7.22,db.t3.small,69
mydbinstance115,stopped,oracle,5.7.22,db.m5.xlarge,23
mydbinstance116,available,sqlserver,5.7.22,db.m5.large,12
mydbinstance117,available,postgres,5.7.22,db.t3.medium,67
mydbinstance118,stopped,sqlserver,5.7.22,db.m5.large,97
mydbinstance119,available,oracle,5.7.22,db.m5.large,84
mydbinstance120,stopped,postgres,5.7.22,db.t3.medium,42
mydbinstance121,stopped,oracle,5.7.22,db.t3.medium,50
mydbinstance122,stopped,postgres,5.7.22,db.m5.large,80
mydbinstance123,stopped,sqlserver,5.7.22,db.t3.large,13
mydbinstance124,stopped,mysql,5.7.22,db.t3.large,96
mydbinstance125,available,mysql,5.7.22,db.t3.large,55
mydbinstance126,available,sqlserver,5.7.22,db.m5.large,15
mydbinstance127,stopped,oracle,5.7.22,db.m5.2xlarge,25
mydbinstance128,available,postgres,5.7.22,db.t3.large,23
mydbinstance129,stopped,oracle,5.7.22,db.m5.xlarge,98
mydbinstance130,available,oracle,5.7.22,db.t2.micro,28
mydbinstance131,available,oracle,5.7.22,db.m5.large,53
mydbinstance132,stopped,oracle,5.7.22,db.t3.large,91
mydbinstance133,stopped,oracle,5.7.22,db.m5.xlarge,82
mydbinstance134,stopped,mysql,5.7.22,db.t3.large,30
mydbinstance135,available,oracle,5.7.22,db.m5.large,36
mydbinstance136,available,oracle,5.7.22,db.t3.large,94
mydbinstance137,stopped,mysql,5.7.22,db.t3.medium,97
mydbinstance138,stopped,sqlserver,5.7.22,db.m5.2xlarge,10
mydbinstance139,stopped,oracle,5.7.22,db.t3.large,77
mydbinstance140,stopped,mysql,5.7.22,db.m5.xlarge,65
mydbinstance141,stopped,oracle,5.7.22,db.m5.2xlarge,50
mydbinstance142,available,postgres,5.7.22,db.m5.2xlarge,77
mydbinstance143,available,oracle,5.7.22,db.t3.small,69
mydbinstance144,available,postgres,5.7.22,db.m5.2xlarge,10
mydbinstance145,stopped,oracle,5.7.22,db.t3.small,24
mydbinstance146,available,oracle,5.7.22,db.t3.medium,53
mydbinstance147,stopped,oracle,5.7.22,db.t2.micro,48
mydbinstance148,available,sqlserver,5.7.22,db.t3.medium,55
mydbinstance149,available,mysql,5.7.22,db.t3.small,80
mydbinstance150,stopped,sqlserver,5.7.22,db.t3.large,48
mydbinstance151,stopped,mysql,5.7.22,db.m5.large,12
mydbinstance152,available,postgres,5.7.22,db.m5.large,56
mydbinstance153,stopped,sqlserver,5.7.22,db.t3.large,85
mydbinstance154,available,mysql,5.7.22,db.m5.large,12
mydbinstance155,available,oracle,5.7.22,db.m5.large,45
mydbinstance156,stopped,mysql,5.7.22,db.t3.medium,37
mydbinstance157,available,oracle,5.7.22,db.m5.xlarge,24
mydbinstance158,stopped,mysql,5.7.22,db.m5.2xlarge,71
mydbinstance159,available,mysql,5.7.22,db.t3.small,63
mydbinstance160,available,postgres,5.7.22,db.m5.2xlarge,32
mydbinstance161,stopped,oracle,5.7.22,db.t3.medium,80
mydbinstance162,available,mysql,5.7.22,db.t3.large,30
mydbinstance163,stopped,postgres,5.7.22,db.t3.medium,23
mydbinstance164,available,mysql,5.7.22,db.t3.small,60
mydbinstance165,stopped,postgres,5.7.22,db.m5.large,18
mydbinstance166,stopped,sqlserver,5.7.22,db.t3.small,94
mydbinstance167,available,postgres,5.7.22,db.t3.large,43
mydbinstance168,available,mysql,5.7.22,db.t3.large,95
mydbinstance169,available,sqlserver,5.7.22,db.m5.xlarge,62
mydbinstance170,stopped,oracle,5.7.22,db.t3.large,84
mydbinstance171,stopped,postgres,5.7.22,db.t3.medium,36
mydbinstance172,stopped,mysql,5.7.22,db.t3.medium,22
mydbinstance173,stopped,mysql,5.7.22,db.m5.xlarge,60
mydbinstance174,available,mysql,5.7.22,db.m5.large,60
mydbinstance175,stopped,oracle,5.7.22,db.m5.xlarge,35
mydbinstance176,stopped,mysql,5.7.22,db.t3.large,99
mydbinstance177,available,oracle,5.7.22,db.m5.large,66
mydbinstance178,stopped,postgres,5.7.22,db.t3.medium,50
mydbinstance179,available,oracle,5.7.22,db.m5.xlarge,64
mydbinstance180,stopped,postgres,5.7.22,db.t3.small,62
mydbinstance181,stopped,oracle,5.7.22,db.t3.small,29
mydbinstance182,available,postgres,5.7.22,db.m5.large,51
mydbinstance183,stopped,oracle,5.7.22,db.t2.micro,62
mydbinstance184,available,mysql,5.7.22,db.t3.medium,72
mydbinstance185,available,postgres,5.7.22,db.t3.large,31
mydbinstance186,available,sqlserver,5.7.22,db.t2.micro,41
mydbinstance187,available,sqlserver,5.7.22,db.t3.large,40
mydbinstance188,available,oracle,5.7.22,db.t3.large,16
mydbinstance189,available,postgres,5.7.22,db.t3.medium,23
mydbinstance190,stopped,sqlserver,5.7.22,db.m5.2xlarge,65
mydbinstance191,available,postgres,5.7.22,db.t3.large,48
mydbinstance192,stopped,postgres,5.7.22,db.t2.micro,94
mydbinstance193,stopped,sqlserver,5.7.22,db.t3.large,20
mydbinstance194,stopped,sqlserver,5.7.22,db.t3.small,94
mydbinstance195,available,postgres,5.7.22,db.t3.medium,23
mydbinstance196,stopped,sqlserver,5.7.22,db.t2.micro,72
mydbinstance197,available,mysql,5.7.22,db.t3.small,38
mydbinstance198,stopped,mysql,5.7.22,db.m5.xlarge,86
mydbinstance199,stopped,oracle,5.7.22,db.t3.large,23
mydbinstance200,available,mysql,5.7.22,db.t3.small,64
mydbinstance201,stopped,mysql,5.7.22,db.t2.micro,25
mydbinstance202,stopped,oracle,5.7.22,db.t3.large,38
mydbinstance203,stopped,postgres,5.7.22,db.m5.large,88
mydbinstance204,stopped,mysql,5.7.22,db.t3.large,11
mydbinstance205,available,oracle,5.7.22,db.t3.medium,76
mydbinstance206,available,oracle,5.7.22,db.t2.micro,54
mydbinstance207,stopped,oracle,5.7.22,db.t2.micro,79
mydbinstance208,available,sqlserver,5.7.22,db.t3.large,96
mydbinstance209,stopped,postgres,5.7.22,db.t3.small,43
mydbinstance210,available,mysql,5.7.22,db.m5.2xlarge,96
mydbinstance211,available,postgres,5.7.22,db.m5.large,43
mydbinstance212,stopped,oracle,5.7.22,db.m5.xlarge,13
mydbinstance213,available,sqlserver,5.7.22,db.m5.large,99
mydbinstance214,available,sqlserver,5.7.22,db.m5.large,70
mydbinstance215,stopped,postgres,5.7.22,db.t3.small,32
mydbinstance216,stopped,oracle,5.7.22,db.m5.large,20
mydbinstance217,available,postgres,5.7.22,db.t3.large,18
mydbinstance218,stopped,mysql,5.7.22,db.m5.xlarge,33
mydbinstance219,available,oracle,5.7.22,db.m5.large,17
mydbinstance220,available,mysql,5.7.22,db.m5.xlarge,100
mydbinstance221,available,sqlserver,5.7.22,db.t3.medium,70
mydbinstance222,stopped,oracle,5.7.22,db.m5.2xlarge,70
mydbinstance223,stopped,oracle,5.7.22,db.m5.2xlarge,96
mydbinstance224,stopped,oracle,5.7.22,db.m5.2xlarge,65
mydbinstance225,stopped,postgres,5.7.22,db.m5.xlarge,89
mydbinstance226,available,mysql,5.7.22,db.t3.large,75
mydbinstance227,stopped,postgres,5.7.22,db.m5.2xlarge,16
mydbinstance228,stopped,mysql,5.7.22,db.t3.large,16
mydbinstance229,available,postgres,5.7.22,db.t2.micro,59
mydbinstance230,stopped,oracle,5.7.22,db.t3.small,93
mydbinstance231,available,mysql,5.7.22,db.m5.2xlarge,40
mydbinstance232,available,oracle,5.7.22,db.m5.xlarge,49
mydbinstance233,stopped,oracle,5.7.22,db.m5.2xlarge,14
mydbinstance234,available,postgres,5.7.22,db.t3.medium,65
mydbinstance235,available,oracle,5.7.22,db.m5.large,14
mydbinstance236,available,postgres,5.7.22,db.m5.large,57
mydbinstance237,stopped,mysql,5.7.22,db.t3.large,57
mydbinstance238,stopped,mysql,5.7.22,db.m5.xlarge,48
mydbinstance239,available,oracle,5.7.22,db.t3.small,27
mydbinstance240,stopped,postgres,5.7.22,db.t3.medium,67
mydbinstance241,stopped,oracle,5.7.22,db.m5.large,66
mydbinstance242,stopped,mysql,5.7.22,db.m5.2xlarge,76
mydbinstance243,available,sqlserver,5.7.22,db.m5.2xlarge,97
mydbinstance244,available,mysql,5.7.22,db.t2.micro,87
mydbinstance245,available,sqlserver,5.7.22,db.t3.medium,10
mydbinstance246,stopped,mysql,5.7.22,db.m5.large,13
mydbinstance247,stopped,mysql,5.7.22,db.t3.medium,67
mydbinstance248,available,postgres,5.7.22,db.m5.large,82
mydbinstance249,stopped,sqlserver,5.7.22,db.m5.xlarge,29
mydbinstance250,stopped,oracle,5.7.22,db.m5.xlarge,75
mydbinstance251,available,oracle,5.7.22,db.t3.large,83
mydbinstance252,available,sqlserver,5.7.22,db.m5.2xlarge,37
mydbinstance253,available,mysql,5.7.22,db.t3.large,42
mydbinstance254,available,sqlserver,5.7.22,db.t3.large,95
mydbinstance255,available,postgres,5.7.22,db.m5.2xlarge,23
mydbinstance256,available,oracle,5.7.22,db.t3.small,81
mydbinstance257,stopped,mysql,5.7.22,db.t3.medium,39
mydbinstance258,stopped,oracle,5.7.22,db.t3.small,44
mydbinstance259,available,mysql,5.7.22,db.m5.2xlarge,23
mydbinstance260,available,oracle,5.7.22,db.t2.micro,10
mydbinstance261,available,sqlserver,5.7.22,db.m5.2xlarge,68
mydbinstance262,stopped,postgres,5.7.22,db.m5.2xlarge,70
mydbinstance263,stopped,oracle,5.7.22,db.t3.medium,85
mydbinstance264,available,postgres,5.7.22,db.t3.medium,84
mydbinstance265,stopped,sqlserver,5.7.22,db.m5.2xlarge,57
mydbinstance266,available,sqlserver,5.7.22,db.m5.xlarge,72
mydbinstance267,available,postgres,5.7.22,db.m5.2xlarge,13
mydbinstance268,stopped,postgres,5.7.22,db.m5.2xlarge,51
mydbinstance269,stopped,postgres,5.7.22,db.m5.large,88
mydbinstance270,available,oracle,5.7.22,db.m5.xlarge,87
mydbinstance271,available,sqlserver,5.7.22,db.t3.medium,80
mydbinstance272,stopped,sqlserver,5.7.22,db.t3.medium,15
mydbinstance273,available,mysql,5.7.22,db.m5.large,65
mydbinstance274,available,mysql,5.7.22,db.m5.large,67
mydbinstance275,available,oracle,5.7.22,db.t2.micro,67
mydbinstance276,stopped,sqlserver,5.7.22,db.m5.2xlarge,98
mydbinstance277,stopped,sqlserver,5.7.22,db.t3.large,47
mydbinstance278,available,sqlserver,5.7.22,db.t2.micro,14
mydbinstance279,available,sqlserver,5.7.22,db.m5.xlarge,43
mydbinstance280,available,postgres,5.7.22,db.m5.xlarge,39
mydbinstance281,stopped,sqlserver,5.7.22,db.m5.xlarge,20
mydbinstance282,available,sqlserver,5.7.22,db.t3.large,29
mydbinstance283,stopped,mysql,5.7.22,db.m5.large,79
mydbinstance284,available,sqlserver,5.7.22,db.m5.xlarge,11
mydbinstance285,stopped,postgres,5.7.22,db.t3.medium,14
mydbinstance286,stopped,mysql,5.7.22,db.m5.large,35
mydbinstance287,available,postgres,5.7.22,db.m5.large,100
mydbinstance288,available,sqlserver,5.7.22,db.m5.xlarge,57
mydbinstance289,stopped,mysql,5.7.22,db.t3.small,87
mydbinstance290,stopped,postgres,5.7.22,db.m5.2xlarge,80
mydbinstance291,stopped,mysql,5.7.22,db.t3.medium,100
mydbinstance292,stopped,sqlserver,5.7.22,db.t3.medium,75
mydbinstance293,available,sqlserver,5.7.22,db.t3.medium,34
mydbinstance294,stopped,oracle,5.7.22,db.t3.small,28
mydbinstance295,available,postgres,5.7.22,db.t3.medium,31
mydbinstance296,available,oracle,5.7.22,db.t3.medium,83
mydbinstance297,stopped,mysql,5.7.22,db.t2.micro,33
mydbinstance298,available,mysql,5.7.22,db.t3.large,25
mydbinstance299,stopped,oracle,5.7.22,db.m5.xlarge,60
mydbinstance300,stopped,postgres,5.7.22,db.t2.micro,32
mydbinstance301,stopped,mysql,5.7.22,db.t3.medium,25
mydbinstance302,available,postgres,5.7.22,db.m5.xlarge,94
mydbinstance303,stopped,mysql,5.7.22,db.m5.xlarge,46
mydbinstance304,stopped,sqlserver,5.7.22,db.m5.large,59
mydbinstance305,stopped,mysql,5.7.22,db.m5.2xlarge,56
mydbinstance306,available,sqlserver,5.7.22,db.m5.2xlarge,68
mydbinstance307,stopped,sqlserver,5.7.22,db.m5.2xlarge,96
mydbinstance308,available,mysql,5.7.22,db.m5.large,79
mydbinstance309,stopped,postgres,5.7.22,db.m5.2xlarge,13
mydbinstance310,available,mysql,5.7.22,db.t3.large,78
mydbinstance311,stopped,mysql,5.7.22,db.t3.medium,72
mydbinstance312,stopped,mysql,5.7.22,db.t3.small,87
mydbinstance313,available,sqlserver,5.7.22,db.t3.large,95
mydbinstance314,stopped,postgres,5.7.22,db.m5.2xlarge,52
mydbinstance315,available,sqlserver,5.7.22,db.m5.2xlarge,60
mydbinstance316,available,mysql,5.7.22,db.m5.large,22
mydbinstance317,available,oracle,5.7.22,db.t3.small,52
mydbinstance318,available,mysql,5.7.22,db.t3.small,55
mydbinstance319,available,mysql,5.7.22,db.m5.2xlarge,76
mydbinstance320,stopped,mysql,5.7.22,db.m5.large,59
mydbinstance321,stopped,sqlserver,5.7.22,db.m5.large,56
mydbinstance322,available,postgres,5.7.22,db.t3.small,33
mydbinstance323,available,sqlserver,5.7.22,db.t3.large,33
mydbinstance324,stopped,oracle,5.7.22,db.m5.2xlarge,34
mydbinstance325,available,sqlserver,5.7.22,db.t3.small,75
mydbinstance326,stopped,postgres,5.7.22,db.m5.2xlarge,46
mydbinstance327,stopped,sqlserver,5.7.22,db.m5.2xlarge,85
mydbinstance328,available,sqlserver,5.7.22,db.m5.2xlarge,15
mydbinstance329,available,sqlserver,5.7.22,db.m5.2xlarge,40
mydbinstance330,available,mysql,5.7.22,db.t3.small,76
mydbinstance331,available,mysql,5.7.22,db.t3.small,97
mydbinstance332,stopped,sqlserver,5.7.22,db.t3.large,70
mydbinstance333,stopped,postgres,5.7.22,db.m5.2xlarge,43
mydbinstance334,stopped,postgres,5.7.22,db.t3.small,61
mydbinstance335,stopped,postgres,5.7.22,db.m5.large,62
mydbinstance336,available,mysql,5.7.22,db.m5.2xlarge,70
mydbinstance337,stopped,sqlserver,5.7.22,db.m5.xlarge,72
mydbinstance338,stopped,postgres,5.7.22,db.t3.medium,60
mydbinstance339,stopped,postgres,5.7.22,db.m5.xlarge,71
mydbinstance340,stopped,postgres,5.7.22,db.t3.large,100
mydbinstance341,stopped,oracle,5.7.22,db.t3.small,54
mydbinstance342,available,mysql,5.7.22,db.t3.large,86
mydbinstance343,available,postgres,5.7.22,db.t2.micro,40
mydbinstance344,stopped,mysql,5.7.22,db.m5.2xlarge,47
mydbinstance345,stopped,mysql,5.7.22,db.m5.large,92
mydbinstance346,stopped,postgres,5.7.22,db.m5.2xlarge,70
mydbinstance347,stopped,sqlserver,5.7.22,db.t2.micro,78
mydbinstance348,stopped,postgres,5.7.22,db.t3.small,43
mydbinstance349,stopped,oracle,5.7.22,db.t3.medium,67
mydbinstance350,available,sqlserver,5.7.22,db.t3.medium,14
mydbinstance351,available,postgres,5.7.22,db.t3.medium,16
mydbinstance352,stopped,mysql,5.7.22,db.t3.large,90
mydbinstance353,available,oracle,5.7.22,db.m5.large,32
mydbinstance354,stopped,mysql,5.7.22,db.t3.small,40
mydbinstance355,stopped,postgres,5.7.22,db.t3.large,38
mydbinstance356,available,postgres,5.7.22,db.t2.micro,81
mydbinstance357,available,sqlserver,5.7.22,db.m5.large,89
mydbinstance358,available,postgres,5.7.22,db.t3.medium,25
mydbinstance359,stopped,postgres,5.7.22,db.m5.xlarge,56
mydbinstance360,available,mysql,5.7.22,db.t3.large,92
mydbinstance361,stopped,mysql,5.7.22,db.m5.2xlarge,39
mydbinstance362,available,sqlserver,5.7.22,db.m5.xlarge,37
mydbinstance363,available,mysql,5.7.22,db.m5.xlarge,54
mydbinstance364,stopped,postgres,5.7.22,db.m5.large,26
mydbinstance365,available,mysql,5.7.22,db.m5.large,85
mydbinstance366,stopped,sqlserver,5.7.22,db.t3.medium,53
mydbinstance367,available,sqlserver,5.7.22,db.m5.2xlarge,32
mydbinstance368,stopped,postgres,5.7.22,db.t3.medium,48
mydbinstance369,stopped,mysql,5.7.22,db.m5.2xlarge,16
mydbinstance370,stopped,mysql,5.7.22,db.m5.2xlarge,76
mydbinstance371,stopped,mysql,5.7.22,db.m5.2xlarge,55
mydbinstance372,stopped,postgres,5.7.22,db.t3.large,92
mydbinstance373,available,sqlserver,5.7.22,db.m5.xlarge,64
mydbinstance374,available,postgres,5.7.22,db.t3.large,55
mydbinstance375,available,sqlserver,5.7.22,db.m5.2xlarge,76
mydbinstance376,available,mysql,5.7.22,db.t3.medium,59
mydbinstance377,available,sqlserver,5.7.22,db.t3.small,13
mydbinstance378,stopped,sqlserver,5.7.22,db.t2.micro,83
mydbinstance379,available,sqlserver,5.7.22,db.m5.large,10
mydbinstance380,available,oracle,5.7.22,db.t3.small,51
mydbinstance381,available,sqlserver,5.7.22,db.m5.2xlarge,23
mydbinstance382,stopped,oracle,5.7.22,db.m5.2xlarge,12
mydbinstance383,available,mysql,5.7.22,db.m5.xlarge,80
mydbinstance384,stopped,mysql,5.7.22,db.t3.large,74
mydbinstance385,available,oracle,5.7.22,db.t3.small,51
mydbinstance386,stopped,postgres,5.7.22,db.t3.medium,12
mydbinstance387,available,sqlserver,5.7.22,db.m5.2xlarge,69
mydbinstance388,stopped,oracle,5.7.22,db.m5.xlarge,13
mydbinstance389,stopped,postgres,5.7.22,db.m5.large,54
mydbinstance390,available,sqlserver,5.7.22,db.t3.medium,84
mydbinstance391,stopped,sqlserver,5.7.22,db.t2.micro,32
mydbinstance392,stopped,postgres,5.7.22,db.t3.medium,56
mydbinstance393,stopped,oracle,5.7.22,db.t3.medium,22
mydbinstance394,available,mysql,5.7.22,db.t2.micro,71
mydbinstance395,stopped,postgres,5.7.22,db.t3.small,12
mydbinstance396,stopped,postgres,5.7.22,db.t3.small,50
mydbinstance397,available,oracle,5.7.22,db.t3.medium,34
mydbinstance398,available,mysql,5.7.22,db.m5.large,91
mydbinstance399,stopped,oracle,5.7.22,db.m5.2xlarge,68
mydbinstance400,stopped,postgres,5.7.22,db.m5.large,96
mydbinstance401,available,oracle,5.7.22,db.t3.large,97
mydbinstance402,stopped,postgres,5.7.22,db.m5.xlarge,84
mydbinstance403,available,sqlserver,5.7.22,db.m5.xlarge,52
mydbinstance404,available,oracle,5.7.22,db.t2.micro,90
mydbinstance405,available,mysql,5.7.22,db.t3.small,28
mydbinstance406,available,sqlserver,5.7.22,db.t3.large,89
mydbinstance407,available,oracle,5.7.22,db.t3.small,12
mydbinstance408,available,mysql,5.7.22,db.t3.small,47
mydbinstance409,available,postgres,5.7.22,db.t3.small,52
mydbinstance410,available,mysql,5.7.22,db.t3.small,62
mydbinstance411,stopped,oracle,5.7.22,db.m5.xlarge,44
mydbinstance412,stopped,postgres,5.7.22,db.t3.large,85
mydbinstance413,available,sqlserver,5.7.22,db.m5.large,24
mydbinstance414,stopped,mysql,5.7.22,db.t3.small,34
mydbinstance415,available,oracle,5.7.22,db.m5.xlarge,99
mydbinstance416,available,postgres,5.7.22,db.m5.large,96
mydbinstance417,available,postgres,5.7.22,db.t3.small,41
mydbinstance418,available,sqlserver,5.7.22,db.t3.small,90
mydbinstance419,stopped,postgres,5.7.22,db.m5.large,99
mydbinstance420,stopped,mysql,5.7.22,db.t3.small,71
mydbinstance421,stopped,mysql,5.7.22,db.m5.2xlarge,99
mydbinstance422,available,oracle,5.7.22,db.t3.medium,49
mydbinstance423,available,oracle,5.7.22,db.t3.small,26
mydbinstance424,available,mysql,5.7.22,db.m5.large,58
mydbinstance425,available,oracle,5.7.22,db.m5.2xlarge,70
mydbinstance426,available,postgres,5.7.22,db.t3.large,85
mydbinstance427,stopped,oracle,5.7.22,db.m5.large,43
mydbinstance428,available,mysql,5.7.22,db.m5.large,71
mydbinstance429,stopped,sqlserver,5.7.22,db.t3.medium,54
mydbinstance430,stopped,postgres,5.7.22,db.t3.medium,85
mydbinstance431,available,oracle,5.7.22,db.m5.2xlarge,85
mydbinstance432,stopped,sqlserver,5.7.22,db.t3.large,64
mydbinstance433,available,sqlserver,5.7.22,db.t3.large,87
mydbinstance434,available,oracle,5.7.22,db.t2.micro,22
mydbinstance435,available,sqlserver,5.7.22,db.t3.medium,17
mydbinstance436,stopped,mysql,5.7.22,db.t3.large,51
mydbinstance437,stopped,postgres,5.7.22,db.t3.large,67
mydbinstance438,available,sqlserver,5.7.22,db.m5.large,37
mydbinstance439,available,mysql,5.7.22,db.m5.2xlarge,72
mydbinstance440,stopped,mysql,5.7.22,db.t3.medium,18
mydbinstance441,stopped,oracle,5.7.22,db.t3.large,60
mydbinstance442,stopped,sqlserver,5.7.22,db.m5.2xlarge,67
mydbinstance443,stopped,oracle,5.7.22,db.m5.large,85
mydbinstance444,available,oracle,5.7.22,db.t2.micro,48
mydbinstance445,available,mysql,5.7.22,db.m5.xlarge,24
mydbinstance446,stopped,mysql,5.7.22,db.t3.large,76
mydbinstance447,stopped,oracle,5.7.22,db.t3.large,12
mydbinstance448,available,oracle,5.7.22,db.t3.large,27
mydbinstance449,stopped,sqlserver,5.7.22,db.m5.2xlarge,48
mydbinstance450,available,sqlserver,5.7.22,db.t2.micro,63
mydbinstance451,available,oracle,5.7.22,db.t3.medium,71
mydbinstance452,stopped,postgres,5.7.22,db.t2.micro,85
mydbinstance453,stopped,postgres,5.7.22,db.m5.large,79
mydbinstance454,available,postgres,5.7.22,db.m5.large,80
mydbinstance455,available,sqlserver,5.7.22,db.m5.2xlarge,99
mydbinstance456,available,postgres,5.7.22,db.m5.2xlarge,86
mydbinstance457,stopped,postgres,5.7.22,db.t3.medium,21
mydbinstance458,available,oracle,5.7.22,db.t3.small,80
mydbinstance459,stopped,sqlserver,5.7.22,db.t3.small,100
mydbinstance460,stopped,sqlserver,5.7.22,db.t3.small,93
mydbinstance461,stopped,postgres,5.7.22,db.t3.medium,19
mydbinstance462,available,oracle,5.7.22,db.t2.micro,83
mydbinstance463,available,oracle,5.7.22,db.t3.small,56
mydbinstance464,available,mysql,5.7.22,db.t3.small,10
mydbinstance465,stopped,mysql,5.7.22,db.t3.large,43
mydbinstance466,available,sqlserver,5.7.22,db.t3.medium,51
mydbinstance467,stopped,oracle,5.7.22,db.m5.xlarge,90
mydbinstance468,available,sqlserver,5.7.22,db.t3.large,17
mydbinstance469,available,mysql,5.7.22,db.t3.medium,96
mydbinstance470,available,sqlserver,5.7.22,db.m5.xlarge,64
mydbinstance471,stopped,oracle,5.7.22,db.t2.micro,27
mydbinstance472,available,postgres,5.7.22,db.m5.xlarge,67
mydbinstance473,available,mysql,5.7.22,db.t2.micro,81
mydbinstance474,stopped,postgres,5.7.22,db.t3.medium,25
mydbinstance475,stopped,oracle,5.7.22,db.t3.large,62
mydbinstance476,stopped,sqlserver,5.7.22,db.t3.large,67
mydbinstance477,available,sqlserver,5.7.22,db.t3.large,60
mydbinstance478,stopped,sqlserver,5.7.22,db.t3.small,63
mydbinstance479,available,postgres,5.7.22,db.t3.medium,25
mydbinstance480,available,mysql,5.7.22,db.t2.micro,84
mydbinstance481,stopped,sqlserver,5.7.22,db.t3.large,73
mydbinstance482,stopped,oracle,5.7.22,db.t3.medium,33
mydbinstance483,available,mysql,5.7.22,db.m5.2xlarge,48
mydbinstance484,available,mysql,5.7.22,db.t3.medium,13
mydbinstance485,available,sqlserver,5.7.22,db.m5.xlarge,39
mydbinstance486,stopped,mysql,5.7.22,db.m5.xlarge,73
mydbinstance487,available,mysql,5.7.22,db.t3.medium,100
mydbinstance488,available,postgres,5.7.22,db.m5.xlarge,46
mydbinstance489,stopped,mysql,5.7.22,db.m5.2xlarge,29
mydbinstance490,stopped,oracle,5.7.22,db.m5.2xlarge,13
mydbinstance491,stopped,oracle,5.7.22,db.m5.xlarge,74
mydbinstance492,stopped,postgres,5.7.22,db.t3.small,45
mydbinstance493,available,postgres,5.7.22,db.t2.micro,16
mydbinstance494,stopped,oracle,5.7.22,db.t3.medium,43
mydbinstance495,stopped,postgres,5.7.22,db.t3.small,33
mydbinstance496,available,mysql,5.7.22,db.t2.micro,85
mydbinstance497,available,mysql,5.7.22,db.m5.large,59
mydbinstance498,stopped,oracle,5.7.22,db.t2.micro,29
mydbinstance499,stopped,sqlserver,5.7.22,db.m5.large,74
